0,0,0,0,0,0,0,0,0,0,0,0,0,0,0,0,0,0,0,0,0,0,0,0,0,0,0,0,0,0,0,0,-471,-97,-16003,-399,320,190
0,0,0,0,0,0,0,0,0,0,0,0,0,0,0,0,0,0,0,0,0,0,0,0,0,0,0,0,0,0,0,0,-416,-42,-16039,-432,345,211
0,0,0,0,0,0,0,0,0,0,0,0,0,0,0,0,0,0,0,0,0,0,0,0,0,0,0,0,0,0,0,0,-480,-4,-15984,-418,332,196
0,0,1,0,0,1,0,0,1,0,0,0,0,0,0,0,0,0,0,0,0,0,0,0,0,0,0,1,0,0,0,0,-389,-24,-16033,-431,348,202
1,0,0,0,0,0,0,0,0,0,0,0,0,0,0,0,0,0,0,0,0,0,0,0,0,0,0,0,0,0,0,0,-442,-63,-16012,-433,364,202
0,0,0,0,0,0,0,0,0,0,0,0,0,0,0,0,0,0,0,0,0,0,0,0,0,0,0,0,0,0,0,0,-368,-50,-16015,-428,360,199
0,0,0,0,0,0,0,0,0,0,0,0,0,0,0,0,0,0,0,0,0,0,0,0,0,0,0,0,0,0,0,0,-410,-34,-16014,-427,355,201
0,0,0,0,0,0,0,0,1,0,0,1,0,0,0,0,0,0,0,0,0,0,0,0,0,0,0,0,0,0,0,0,-397,-49,-16052,-420,358,207
0,0,0,0,0,0,0,0,0,0,0,0,0,0,0,0,0,0,0,0,0,0,0,0,0,0,0,0,0,0,0,0,-402,-61,-15992,-418,319,201
0,0,0,1,0,0,0,0,0,0,0,0,0,0,0,0,0,0,0,0,0,0,0,0,0,0,0,0,0,0,0,0,-442,-59,-16011,-443,305,192
0,0,0,0,0,0,0,0,0,0,0,0,0,0,0,0,0,0,0,0,0,0,0,0,0,0,0,0,0,0,0,0,-384,0,-16045,-440,282,188
0,0,0,0,0,0,0,0,0,0,0,0,0,0,0,0,0,0,0,0,0,0,0,0,0,0,0,0,0,0,0,0,-439,-8,-16029,-424,389,210
0,0,0,0,0,0,0,0,0,0,0,0,0,0,0,0,0,0,0,0,0,1,0,0,0,0,0,0,0,0,0,0,-371,-44,-16076,-436,334,205
0,0,0,0,0,0,0,0,0,0,0,0,0,0,0,0,0,0,0,0,0,0,0,0,0,0,0,0,0,1,0,0,-456,-80,-16053,-436,334,205
0,0,0,0,0,0,0,0,0,0,0,0,0,0,0,0,0,0,0,0,0,0,0,0,0,0,0,0,0,0,0,0,-428,-66,-16075,-428,355,204
0,0,0,0,0,0,0,0,0,0,0,0,0,0,0,0,0,0,0,0,0,0,0,0,0,0,0,0,0,0,0,0,-464,-48,-16077,-446,359,207
0,0,0,0,0,0,0,0,0,0,0,0,0,0,0,0,0,0,0,0,0,0,0,0,0,0,0,0,0,0,0,0,-429,-83,-16001,-452,261,208
0,0,0,0,0,0,0,0,0,0,0,0,0,0,0,0,0,0,0,0,0,0,0,0,0,0,0,0,0,0,0,0,-429,-45,-16024,-441,382,223
0,0,0,0,0,0,0,1,0,0,0,0,0,0,0,0,0,0,0,0,0,0,0,0,0,0,0,0,0,0,0,0,-428,-36,-16017,-429,363,207
0,0,0,0,0,0,0,0,0,0,0,0,0,0,0,0,0,0,0,0,0,0,0,0,1,0,0,0,0,0,0,0,-442,-70,-15971,-424,363,209
0,0,0,0,0,0,0,0,0,0,0,0,0,0,0,0,0,0,0,0,0,0,0,0,0,0,0,0,0,0,0,0,-453,-87,-16039,-450,391,223
1,0,0,0,0,0,0,0,0,0,0,0,0,0,0,0,0,0,0,0,0,0,0,0,0,0,0,0,0,0,0,0,-452,-29,-15992,-441,375,210
0,0,0,0,0,0,0,0,0,0,0,0,0,0,0,0,0,0,0,0,0,0,0,0,0,0,0,0,0,0,0,0,-393,-12,-15970,-422,351,206
0,0,0,0,0,0,0,0,0,0,0,0,0,0,0,0,0,0,0,1,0,0,0,0,0,0,0,0,0,0,0,0,-428,-49,-16039,-428,341,204
0,0,0,0,0,0,0,0,0,0,0,0,0,0,0,0,0,0,0,0,0,0,0,0,0,0,1,0,0,0,0,0,-396,-61,-15941,-430,328,207
0,0,0,0,0,0,0,0,0,0,0,0,0,0,0,0,0,0,0,0,0,0,0,0,0,0,0,0,0,0,0,0,-397,-40,-16024,-417,328,208
0,0,0,0,0,0,0,0,0,0,0,0,0,0,0,0,0,0,0,0,0,0,0,0,0,0,0,0,0,0,0,0,-461,-46,-16036,-426,323,199
0,0,0,0,0,0,0,0,0,0,0,0,0,0,0,0,0,0,0,0,0,0,0,0,0,0,0,0,0,0,0,0,-429,-80,-16000,-408,321,208
0,0,0,0,0,0,0,0,0,0,0,0,0,0,0,0,0,0,0,0,0,0,0,0,0,0,0,0,0,0,0,0,-447,-28,-16033,-416,336,213
0,0,0,0,0,0,0,0,0,0,0,0,0,0,0,0,0,0,0,0,0,0,0,0,0,0,0,0,0,0,0,0,-397,-34,-15997,-413,334,210
0,0,0,0,0,0,0,0,0,0,0,0,0,0,0,0,0,0,0,0,0,0,0,0,0,0,0,0,0,0,0,0,-390,-13,-16023,-412,363,211
0,0,0,0,0,0,0,0,0,0,0,0,0,0,0,0,0,0,0,0,0,0,0,0,0,0,0,0,0,0,0,0,-400,-73,-16033,-415,352,205
2,0,0,0,0,0,0,0,0,0,0,0,0,0,0,0,0,0,0,0,0,0,0,0,0,0,0,0,0,0,0,0,-406,-15,-15953,-443,324,198
0,0,0,0,0,0,0,0,0,0,0,0,1,0,0,0,0,0,0,0,0,0,0,0,0,0,0,0,0,0,0,0,-814,125,-13284,151,199,192
1,0,0,0,0,0,0,0,0,0,0,0,0,0,0,0,0,0,0,0,0,0,0,0,0,0,0,0,0,0,0,0,-481,100,-14725,858,1640,174
0,0,0,0,0,0,0,0,0,0,0,0,0,0,0,0,0,0,0,0,0,0,0,0,0,0,0,0,0,0,0,0,701,-465,-19630,541,2541,229
0,0,0,0,0,0,0,0,0,0,0,0,0,0,0,0,0,0,0,0,0,0,0,0,0,0,0,0,0,0,0,0,-439,-1207,-14432,-234,310,-51
0,0,0,0,0,0,0,0,0,0,0,0,0,0,0,0,0,0,0,0,0,0,0,0,0,0,0,0,0,0,0,0,-235,-100,-17633,-628,122,117
0,0,0,0,0,0,0,0,0,0,0,0,0,0,0,0,0,0,0,0,0,0,0,0,0,0,0,0,0,0,0,0,-266,-437,-15713,-615,315,209
0,0,0,0,0,0,0,0,0,0,0,0,0,0,0,0,0,0,0,0,0,0,0,0,0,0,0,0,0,0,0,0,-293,-277,-16213,-142,595,223
0,0,0,0,0,0,0,0,0,0,0,0,0,0,0,0,0,0,0,0,0,0,0,0,0,0,0,0,0,0,0,0,63,-342,-16490,-169,786,228
0,0,0,0,0,0,0,0,0,0,0,0,0,0,0,0,0,0,0,0,0,0,0,0,0,0,0,0,0,0,0,0,359,683,-14935,-513,1327,-13
0,0,0,0,0,0,0,0,0,0,0,0,0,0,0,0,0,0,0,0,0,0,0,0,0,0,0,0,0,0,0,0,-453,-943,-15976,28,986,-24
0,0,0,0,0,0,0,0,0,0,0,0,0,1,0,0,0,0,0,0,0,0,0,0,0,0,0,0,0,0,0,0,-447,-1976,-15397,-628,765,193
0,0,0,0,0,0,0,0,0,0,0,0,0,0,0,0,0,0,0,0,0,0,0,0,0,0,0,0,0,0,0,0,902,1442,-12232,-146,1064,151
0,0,0,0,0,0,0,0,0,0,0,0,0,0,0,0,1,0,0,0,0,0,0,1,0,0,0,0,0,0,0,0,-1451,5930,-15257,-1521,81,150
0,0,0,0,0,0,0,0,0,0,0,0,0,0,0,0,0,0,0,0,0,0,0,0,0,0,0,0,0,0,0,0,133,1949,-16900,-124,1406,-199
1,0,0,0,0,0,0,0,0,0,0,0,0,0,0,0,1,0,0,0,0,0,0,0,0,0,0,0,0,0,0,0,1916,-601,-15919,-38,1470,-20
0,0,0,0,0,0,0,0,0,0,0,0,0,0,0,0,0,0,0,0,0,0,0,0,0,0,0,0,0,0,0,0,-311,-1830,-15320,316,1204,377
1,0,0,0,0,0,0,0,0,0,0,0,0,0,0,0,0,0,0,0,0,0,0,0,0,0,0,0,0,0,0,0,117,-1987,-16104,314,895,513
1,0,0,0,0,0,0,0,1,0,0,0,0,0,0,0,1,0,0,0,0,0,0,0,0,0,0,0,0,0,0,0,-1252,-1229,-15773,1521,183,224
0,0,0,0,0,0,0,0,0,0,0,0,0,0,0,0,0,0,0,0,0,0,0,0,0,0,0,0,0,0,0,0,329,-361,-15435,-106,-577,232
1,0,0,0,0,0,0,0,0,0,0,0,0,0,0,0,0,0,0,0,0,0,0,0,0,0,0,0,0,0,0,0,-252,-313,-16273,-996,-819,194
0,0,0,0,0,0,0,0,1,0,0,0,0,0,0,0,0,0,0,0,0,0,0,0,0,0,0,0,0,0,0,0,-268,5526,-14345,-1322,-619,-690
1,0,0,0,0,0,0,0,1,0,0,0,0,0,0,0,0,0,0,0,0,0,0,0,0,0,0,0,0,0,0,0,-266,-4080,-18534,-1806,-278,-287
0,0,0,0,0,0,0,0,0,0,0,0,0,0,0,0,1,0,0,0,0,0,0,0,0,0,0,0,0,0,0,0,-262,-2602,-16385,724,57,991
0,0,0,0,0,0,0,0,2,0,0,0,0,0,0,0,0,0,0,0,0,0,0,0,0,0,0,0,0,0,0,0,-206,-1847,-17036,706,295,242
0,0,0,0,0,0,0,0,0,0,0,0,0,0,0,0,0,0,0,0,0,0,0,0,1,0,0,0,0,0,0,0,-193,14,-15606,706,295,242
0,0,0,0,0,0,0,0,0,0,0,0,0,0,0,0,1,0,0,0,0,0,0,0,0,0,0,0,0,0,0,0,-148,-321,-16168,-358,99,192
1,0,0,0,0,0,0,0,1,0,0,0,0,0,0,0,0,0,0,0,0,0,0,0,0,0,0,0,0,0,0,0,-180,-162,-15841,-329,326,203
1,1,0,0,0,0,0,0,1,0,0,0,0,0,0,0,0,0,0,0,0,0,0,0,0,0,0,0,0,0,0,0,-185,-201,-16203,-464,333,202
1,0,0,1,0,0,0,0,1,0,0,0,0,0,0,0,1,0,0,0,0,0,0,0,0,0,0,1,0,0,0,0,-150,-213,-15945,-413,304,198
0,0,0,0,0,0,0,0,1,0,0,0,0,0,0,0,0,0,0,0,0,0,0,0,1,0,1,0,0,0,0,0,-125,-291,-16000,-395,302,214
1,0,0,0,1,0,0,0,1,1,0,0,0,0,0,0,0,0,0,0,0,0,0,0,1,0,1,0,0,0,0,0,-188,-145,-15946,-420,443,230
1,0,0,0,0,0,0,0,1,0,0,0,0,0,0,0,1,0,0,0,0,0,0,0,0,0,0,0,0,0,0,0,-200,-209,-16006,-462,359,213
0,0,0,0,0,0,0,0,1,0,0,0,0,0,0,0,0,0,0,0,0,0,0,0,1,0,0,0,0,0,0,0,-155,-203,-15947,-417,316,204
1,0,0,0,0,0,0,0,2,0,0,0,1,0,0,0,1,0,0,0,0,0,0,0,0,0,0,0,0,0,0,0,-221,-260,-16079,-416,329,210
3,0,0,1,0,0,0,0,2,0,0,0,0,0,0,0,3,0,2,0,0,0,0,0,2,0,0,0,0,0,0,0,-129,-145,-16003,-413,314,196
2,0,1,0,0,0,0,0,1,1,0,0,0,0,0,0,1,0,0,1,0,0,0,0,0,1,0,0,0,0,0,0,-195,-216,-16034,-425,328,198
0,0,0,0,0,0,0,0,0,0,1,0,0,0,0,0,1,0,0,0,0,0,0,0,2,0,0,1,0,0,0,0,-203,-195,-16071,-433,342,206
0,1,0,0,0,0,0,0,6,0,0,0,0,0,0,0,1,0,0,0,0,0,0,0,1,1,0,0,0,0,0,0,-177,-235,-15975,-434,332,202
0,0,2,0,0,0,0,0,1,0,0,0,0,0,0,0,2,1,0,0,0,1,0,0,4,1,1,0,0,0,0,0,-175,-193,-16084,-434,316,204
1,0,0,0,0,1,0,0,1,3,0,0,0,0,0,0,7,0,0,0,0,0,0,0,1,0,1,0,0,0,0,0,-220,-255,-16078,-435,342,207
3,1,0,0,0,0,0,0,4,0,1,0,0,0,0,0,1,1,0,0,0,0,1,0,4,1,0,0,0,0,0,0,-167,-196,-16007,-420,342,209
0,0,0,0,0,0,0,1,1,0,0,0,0,0,0,0,2,1,2,0,0,0,0,0,2,1,0,0,0,0,0,0,-194,-205,-16021,-423,347,204
0,0,0,1,0,0,0,0,0,0,1,0,0,0,0,0,2,0,0,1,0,0,0,0,2,1,0,1,0,0,0,0,-218,-238,-15979,-431,344,207
0,1,0,0,0,0,0,0,0,0,0,0,0,0,0,0,2,2,0,0,1,0,0,0,2,7,0,0,0,0,0,0,-206,-237,-16056,-421,331,206
0,1,0,0,0,0,0,0,5,0,0,0,0,0,0,0,42,1,0,0,0,0,0,0,92,0,0,0,0,0,0,0,-154,-220,-16011,-431,333,212
41,0,0,0,0,0,0,0,45,0,0,0,0,0,0,0,43,0,0,0,0,0,0,0,507,0,0,0,0,0,0,0,1902,108,-12670,-2583,2584,501
24,0,0,0,0,0,0,0,31,0,0,0,0,0,0,0,44,0,0,0,0,0,0,0,1104,0,0,0,0,0,0,0,-1521,2189,-20516,-4895,-94,151
15,0,0,0,0,0,0,0,22,0,0,0,0,0,0,0,40,0,0,0,0,0,0,0,1338,0,0,0,0,0,0,0,125,546,-14408,-1623,-30,175
9,0,0,0,0,0,0,0,19,0,0,0,0,0,0,0,48,0,0,0,0,0,0,0,1659,0,0,0,0,0,0,0,-86,49,-15894,-1058,130,195
2,0,0,0,0,0,0,0,14,0,0,0,0,0,0,0,23,0,0,0,0,0,0,0,1814,0,0,0,0,0,0,0,-123,215,-15823,-368,413,192
0,0,0,0,0,0,0,0,4,0,0,0,0,0,0,0,12,0,0,0,0,0,0,0,1919,1,0,0,0,0,0,0,-126,220,-15874,-672,274,193
0,0,0,0,0,0,0,0,0,0,0,0,0,0,0,0,7,0,0,0,1,0,0,0,2042,0,0,0,0,0,0,1,-194,124,-16138,-347,349,200
0,0,0,0,0,0,0,0,0,0,0,0,0,0,0,0,0,0,0,0,0,0,0,0,2075,0,0,0,0,0,0,0,-131,181,-16125,-485,320,193
0,0,0,0,0,0,0,0,0,0,0,0,0,0,0,0,0,0,0,0,0,0,0,0,2038,0,0,0,1,0,0,0,-143,166,-16085,-398,358,207
0,0,0,0,0,0,0,0,0,0,0,0,0,0,0,0,0,0,0,0,0,0,0,0,1978,0,0,0,0,0,0,0,-156,209,-15880,-450,314,185
0,0,0,0,0,0,0,0,0,0,0,0,0,0,0,0,0,0,0,0,0,0,0,0,1944,1,0,0,0,0,0,0,-154,221,-16088,-426,298,185
0,0,0,0,0,0,0,0,0,0,0,0,0,0,0,0,0,0,0,0,0,0,0,0,1877,1,0,0,0,0,0,0,-123,221,-15985,-361,347,210
0,0,0,0,0,0,0,0,0,0,0,0,0,0,0,0,0,0,0,0,0,0,0,0,1795,0,0,0,0,0,0,0,-112,212,-15956,-395,340,214
0,0,0,0,0,0,0,0,0,0,0,0,0,0,0,0,0,0,0,0,0,0,0,0,1691,0,0,0,0,0,1,0,-173,145,-16145,-355,342,198
0,0,0,0,0,0,0,0,0,0,0,0,0,0,0,0,0,0,0,0,0,0,0,0,1513,0,0,0,0,0,0,0,-258,354,-16220,4,419,223
0,0,0,0,0,0,0,0,0,0,0,0,0,0,0,0,0,0,0,0,0,0,0,0,1255,0,0,0,0,0,0,1,97,730,-16023,481,1178,1790
0,0,0,0,0,0,0,0,0,0,0,0,0,0,0,0,5,0,0,0,0,0,0,0,762,0,0,0,0,0,0,0,1195,1521,-15228,2712,1449,2553
0,0,0,0,0,0,0,0,0,0,0,0,0,0,0,0,0,1,0,0,0,0,0,0,2,1,0,0,0,1,0,0,721,-1093,-13903,2129,-2309,1783
0,0,0,0,0,0,0,0,1,0,0,0,0,0,0,0,0,0,0,0,0,0,0,0,0,0,0,0,0,1,0,0,-1525,1566,-13617,-7658,3763,511
0,0,0,0,0,0,0,0,0,0,0,0,0,0,0,0,0,0,0,0,0,0,0,0,1,0,0,0,0,0,0,0,2190,2277,-10374,-4403,3627,374
1,0,0,0,0,0,0,0,0,0,0,0,0,0,0,0,0,0,0,0,0,0,0,0,0,0,0,0,0,0,0,0,871,1759,-12136,-1506,1276,197
0,0,0,0,0,0,0,0,0,0,0,0,0,0,0,0,0,0,0,0,0,0,0,0,0,0,0,0,0,0,0,0,-619,-189,-16750,-766,250,181
0,0,0,0,0,0,0,0,0,0,0,0,0,0,0,0,0,0,0,0,0,0,0,0,0,0,0,0,0,0,0,0,-188,-118,-14936,-459,435,197
0,0,0,0,0,0,0,0,0,0,0,0,0,0,0,0,0,0,0,0,0,0,0,0,1,0,0,0,0,0,0,0,-117,-309,-16547,-459,395,223
0,0,0,0,0,0,0,0,0,0,0,0,0,0,0,0,0,0,0,0,0,0,0,0,0,0,0,0,0,0,0,0,-162,-188,-16273,-521,260,219
0,0,0,0,0,0,0,0,0,0,0,0,0,0,0,0,0,0,0,0,0,0,1,0,1,0,0,0,0,0,0,0,-205,-196,-15785,-422,352,209
0,0,0,0,0,0,0,0,0,0,0,0,0,0,0,0,0,0,0,0,0,0,0,0,0,0,0,0,0,0,0,0,-154,-214,-16147,-451,351,211
0,0,0,0,0,0,0,0,0,0,0,0,0,0,0,0,0,0,0,0,0,0,0,0,1,0,0,0,0,0,0,0,-309,-204,-15910,-347,368,198
0,0,0,0,0,0,0,0,0,0,0,0,0,0,0,0,0,0,0,0,0,0,0,0,0,0,0,0,0,0,0,0,-207,-202,-16056,-460,283,195
0,0,0,0,0,0,0,0,0,0,0,0,0,0,0,0,0,0,0,0,0,0,0,1,0,0,0,0,0,0,0,0,-183,-223,-16013,-426,389,223
0,0,0,0,0,0,0,0,0,0,0,0,0,0,0,0,0,0,0,0,0,0,0,0,0,0,0,0,0,0,0,0,-238,-214,-15978,-424,352,213
0,0,0,0,0,0,0,0,0,0,0,0,0,0,0,0,0,0,0,0,0,0,0,0,0,0,0,0,0,0,0,0,-239,-224,-16101,-441,319,201
0,0,0,0,0,0,0,0,0,0,0,0,0,0,0,0,0,0,0,0,0,0,0,0,0,0,0,0,0,0,0,0,-196,-200,-15934,-423,320,198
0,0,0,0,0,0,0,0,0,0,0,0,0,0,0,0,1,0,0,0,0,0,0,0,0,228,1,0,0,0,0,0,-1956,-326,-18523,-4014,-531,192
0,0,0,0,0,0,0,0,0,0,0,0,0,0,0,0,0,0,0,0,0,0,0,0,0,669,0,0,0,0,1,0,-232,528,-14775,-4118,1700,131
0,0,0,0,0,0,0,0,0,0,0,0,0,0,0,0,0,0,0,0,0,0,0,0,0,888,0,0,0,0,0,0,-543,31,-16003,-1599,639,-71
0,0,0,0,0,0,0,0,0,0,0,0,0,0,0,0,0,0,0,0,0,0,0,0,0,1152,0,0,0,0,0,0,-358,807,-15422,-838,147,-230
0,0,0,0,0,0,0,0,0,0,0,0,0,0,0,0,0,0,0,0,0,0,0,0,0,1328,0,0,0,0,1,0,-851,811,-16199,-1140,318,-581
0,0,0,0,0,0,0,0,0,0,0,0,0,0,0,0,0,0,0,0,0,0,0,0,0,1493,0,0,0,0,0,0,-16,66,-15814,-310,501,-663
0,0,0,0,0,0,0,0,0,0,0,0,0,0,0,0,0,0,0,0,0,0,0,0,0,1598,0,0,0,0,0,0,-110,25,-16228,-534,285,-311
0,0,0,0,0,0,0,0,0,0,0,0,0,0,0,0,0,0,0,0,0,0,0,0,0,1598,0,0,0,0,0,0,-80,252,-16055,-446,326,56
0,0,0,0,0,0,0,0,0,0,0,0,0,0,0,0,0,0,0,0,0,0,0,0,0,1483,0,0,1,0,0,0,-161,157,-16039,-378,321,186
0,0,0,0,0,0,0,0,0,0,0,0,0,0,0,0,0,0,0,0,0,0,0,0,0,1393,0,0,0,0,0,0,-124,194,-15910,-426,343,219
0,0,0,0,0,0,0,0,0,0,0,0,0,0,0,0,0,0,0,0,0,0,0,0,0,1246,1,0,0,0,0,0,-184,202,-16029,-419,327,207
0,0,0,0,0,0,0,0,0,0,0,0,0,0,0,0,0,0,0,0,0,0,0,0,0,880,0,0,0,0,0,0,-119,828,-16111,187,694,306
0,0,0,0,0,0,0,0,0,0,0,0,0,0,0,0,0,0,0,0,0,0,0,0,0,522,0,0,0,0,0,0,-635,1276,-17338,3337,130,1053
0,0,0,0,0,0,0,0,0,0,0,0,0,0,0,0,0,0,0,0,0,0,0,0,0,0,0,0,0,0,0,0,-236,249,-14949,3605,-659,412
0,0,0,0,0,0,0,0,0,0,0,0,0,0,0,0,0,0,0,0,0,0,0,0,0,0,0,0,0,0,0,0,-1237,437,-16943,-1662,-9,225
0,0,0,0,0,0,0,0,0,0,0,0,0,0,0,0,0,0,0,0,0,0,0,0,0,0,0,0,0,0,0,0,446,-798,-16400,-1002,280,285
0,0,0,0,0,0,0,0,0,0,0,0,0,0,0,0,0,0,0,0,0,0,0,0,0,0,0,0,0,0,0,0,-326,-158,-16895,-440,114,184
0,0,0,0,0,0,0,0,0,0,0,0,0,0,0,0,0,0,0,0,0,0,0,0,0,0,0,0,0,0,0,0,-188,-342,-16278,-541,185,197
0,0,0,0,0,0,0,0,0,0,0,0,0,0,0,0,0,0,0,0,0,0,0,0,0,0,0,0,0,0,0,0,-149,-192,-15344,-267,433,191
0,0,0,0,0,0,0,0,0,0,0,0,0,0,0,0,0,0,0,0,0,0,0,0,0,0,0,0,0,0,0,0,-150,-227,-16373,-355,411,187
0,0,0,0,0,0,0,0,0,0,0,0,0,0,0,0,0,0,0,0,0,0,0,0,0,0,0,0,0,0,0,0,-119,-183,-15806,-372,383,210
0,0,0,0,0,0,0,0,0,0,0,0,0,0,0,0,0,0,1,1,0,0,0,0,0,0,0,0,0,0,0,0,-95,-192,-16106,-436,274,227
0,0,0,0,0,0,0,0,0,0,0,0,0,0,0,0,0,0,0,0,0,0,0,0,0,0,0,0,0,0,0,0,-222,-178,-15842,-423,315,208
0,0,0,0,0,0,0,0,1,0,0,0,1,0,0,0,0,0,0,1,0,0,0,0,0,0,0,0,0,0,0,0,-173,-158,-16126,-444,343,196
0,0,0,0,0,0,0,0,0,0,0,0,0,0,0,0,0,0,0,0,0,0,0,0,0,0,0,515,0,0,0,0,-441,-9030,-17009,-839,544,72
0,0,0,0,0,0,0,0,0,0,0,0,0,0,0,0,0,0,0,0,0,0,0,0,0,0,0,1039,0,0,0,0,-3205,-5258,-14246,-2046,-20,-1258
0,0,0,0,0,0,0,0,0,0,0,0,0,0,0,0,0,0,0,0,0,0,0,0,0,0,1,1148,0,0,0,0,518,1882,-13860,-205,632,-1832
0,0,0,0,0,0,0,0,0,0,0,0,0,0,0,0,1,0,0,0,0,0,0,0,0,0,0,1164,1,0,0,0,195,847,-14235,-813,167,-428
0,0,0,1,0,0,0,0,0,0,0,0,0,0,1,0,0,0,0,0,0,0,0,0,0,0,0,1141,0,0,0,0,-100,173,-16264,-1251,29,156
0,0,0,0,0,0,0,0,0,0,0,0,0,0,0,0,0,0,0,0,0,0,0,0,0,0,0,1079,1,0,1,0,-56,125,-16540,-480,502,209
0,0,0,6,0,0,0,0,0,0,0,0,0,0,0,0,0,0,0,0,0,0,0,0,0,0,0,804,0,0,0,0,-101,83,-16513,-125,481,209
0,0,0,7,0,0,0,0,0,0,0,0,0,0,0,0,0,0,0,0,0,0,0,0,0,0,0,620,0,0,0,0,-387,-605,-16469,50,309,1182
0,0,0,13,0,0,0,0,0,0,0,4,0,0,0,0,0,0,0,0,0,0,0,0,0,0,0,325,0,0,0,0,-854,513,-16078,1965,1304,654
0,0,0,17,0,0,0,1,0,0,0,8,0,0,0,0,0,0,0,0,0,0,0,0,1,0,0,108,1,0,0,0,-48,1099,-16904,4630,676,306
1,0,0,0,0,0,0,0,1,0,0,0,0,0,0,0,0,0,0,0,0,0,0,0,0,0,0,0,0,0,0,0,-334,-659,-15593,-1084,-785,148
1,0,0,0,0,0,0,0,1,1,0,1,0,0,0,0,1,0,0,0,0,0,0,0,0,0,0,0,0,0,0,0,-284,-714,-15821,-1084,-785,148
0,0,0,0,0,0,0,0,1,0,0,0,0,0,0,0,0,0,0,0,0,0,0,0,0,0,0,0,0,0,0,0,-515,-619,-17898,-224,281,190
1,0,0,0,0,0,0,0,0,0,0,0,0,0,0,0,0,0,0,0,0,0,0,0,0,0,0,0,0,0,0,0,-140,-205,-15140,-121,355,218
3,2,1,0,0,0,0,0,2,0,0,0,1,0,0,0,2,0,0,0,0,0,0,0,0,0,0,0,0,0,0,0,-240,-3,-15730,-503,392,217
0,1,0,0,0,0,0,0,1,0,0,0,0,0,0,0,0,0,0,0,0,0,0,0,1,0,0,0,0,0,0,0,-231,-190,-16282,-361,677,212
1,0,0,0,0,0,0,1,1,0,0,0,0,0,0,0,2,0,0,0,0,0,0,0,0,0,0,0,0,0,0,0,-175,-176,-15825,-452,461,206
1,0,0,0,0,0,0,0,1,1,0,0,0,0,0,0,0,0,0,0,0,0,0,0,0,0,0,0,0,0,0,0,-189,-233,-16236,-562,251,211
2,1,0,0,0,0,0,0,1,1,0,0,0,0,0,0,1,2,0,0,0,0,0,0,0,0,0,0,16,0,0,0,-224,-213,-15907,-530,188,204
0,0,0,0,55,0,0,0,0,0,0,0,61,0,0,0,0,0,0,0,25,0,0,0,0,0,0,0,334,0,0,0,-1489,157,-15642,-4490,2356,169
0,0,0,0,40,0,0,0,0,0,0,0,36,0,0,0,0,0,0,0,22,0,0,0,0,0,0,0,813,0,0,0,-988,-1988,-15097,-5986,-1494,-205
0,0,0,0,44,0,0,0,0,0,0,0,32,0,0,0,0,0,0,0,30,0,0,0,0,0,0,0,1177,0,0,0,1225,663,-17191,-2082,-548,-567
1,0,0,0,26,0,0,0,0,0,0,0,22,0,0,0,0,0,0,0,17,0,0,0,0,0,0,0,1431,0,0,0,118,-218,-17044,-442,215,-34
0,0,0,0,21,0,0,0,0,0,0,0,23,0,0,0,0,0,1,0,20,0,0,0,0,0,0,0,1592,1,0,0,-88,115,-16381,-306,395,200
0,0,0,0,22,0,0,0,0,0,0,0,23,0,0,0,0,0,0,0,25,0,0,0,0,0,0,0,1697,1,0,0,-156,107,-16300,-136,426,207
1,0,0,0,19,0,0,0,0,0,0,0,20,0,0,0,0,0,0,0,17,0,0,0,0,1,0,0,1716,0,0,0,-258,229,-16042,-70,431,198
1,0,0,0,13,0,0,0,0,0,0,0,14,0,0,0,0,0,0,0,14,0,0,0,0,0,0,0,1715,1,0,0,-170,218,-16036,-278,347,206
0,0,0,0,10,0,0,0,0,0,0,0,13,0,0,0,0,0,0,0,16,0,0,0,0,0,0,0,1715,0,0,0,-222,295,-15819,-513,264,202
0,0,0,0,7,0,0,0,0,0,0,0,14,0,0,0,0,0,0,0,17,0,0,0,0,0,0,0,1707,2,0,0,-167,251,-15986,-523,271,209
0,0,0,0,7,0,0,0,0,0,0,0,13,0,0,0,0,0,0,0,26,0,0,0,0,0,0,0,1705,0,0,0,-220,234,-16004,-373,391,205
0,0,0,0,8,0,0,0,0,0,0,0,21,0,0,0,0,0,0,0,22,0,0,0,0,0,0,0,1534,0,0,0,-134,193,-16061,-277,443,211
2,0,0,0,15,0,0,0,0,0,0,0,22,0,0,0,0,0,0,0,22,0,0,0,0,0,0,0,1143,1,0,0,2193,2944,-13953,-294,366,1979
1,0,0,0,16,0,0,0,0,0,0,0,28,0,0,0,0,0,0,0,30,0,0,0,0,0,0,1,776,0,0,0,1180,3947,-11889,-178,3278,4327
1,0,0,0,34,0,0,0,0,0,0,0,42,0,0,0,0,0,0,0,37,0,0,0,0,0,0,0,431,0,0,0,-1896,-2064,-15065,1852,2969,3760
0,0,0,0,29,0,0,0,0,0,0,0,35,1,0,0,0,0,0,0,0,0,0,1,2,2,1,0,0,0,0,0,-553,-140,-19864,4052,-1770,1054
1,0,0,0,0,0,1,0,2,0,0,0,0,0,0,0,4,0,1,0,0,0,0,0,3,2,0,0,0,0,0,1,1285,6731,-6051,-9346,2711,629
0,0,0,0,0,0,0,0,1,0,0,1,1,0,0,0,7,0,0,0,0,0,0,0,2,2,0,0,0,0,0,0,1997,-234,-11488,-3000,2224,381
0,0,0,0,0,0,0,0,1,0,0,1,0,0,0,0,3,1,0,1,0,0,0,0,2,2,0,1,0,0,1,0,-86,940,-16325,16,186,200
1,0,0,0,0,0,0,0,2,0,0,1,0,0,0,0,2,0,0,0,0,0,0,0,2,5,1,0,0,0,0,1,-224,69,-15492,-509,228,183
0,0,0,0,0,0,0,0,2,0,0,0,0,0,0,0,2,0,0,1,0,0,0,0,4,1,0,0,0,0,0,0,-229,-179,-15968,-725,400,183
0,0,0,0,0,0,0,1,0,0,0,0,0,0,0,0,1,0,0,0,0,0,0,0,4,2,1,0,0,0,0,0,-191,-144,-16269,-411,385,217
0,0,0,0,0,0,0,0,0,1,0,0,0,0,0,0,1,0,0,0,0,0,0,0,2,1,0,0,0,1,0,0,-231,-161,-15837,-369,323,208
0,0,0,0,0,0,0,0,0,0,0,0,0,0,0,0,1,0,0,0,0,0,0,0,2,6,0,0,1,0,1,0,-203,-185,-16091,-517,292,204
0,0,0,0,0,0,0,0,0,0,0,0,0,0,0,0,7,2,3,2,0,0,0,1,0,0,0,0,0,47,1,0,-209,-141,-16025,-550,256,199
0,0,0,0,0,11,0,0,0,0,0,0,0,29,0,0,0,0,0,0,0,35,0,0,0,0,0,0,0,525,0,0,-3528,-651,-14326,-13401,4973,340
0,0,0,0,0,1,0,0,0,0,0,0,0,19,0,0,0,0,0,0,0,25,0,0,0,0,0,0,0,867,1,0,-3110,-1778,-11560,-10962,-1166,-1602
1,0,0,0,0,0,0,0,0,0,0,0,0,3,0,0,0,0,0,0,0,12,0,0,0,0,0,0,1,950,0,0,815,787,-16688,-3558,-982,-1059
0,0,0,0,0,0,0,0,0,0,0,0,0,0,0,0,0,0,0,0,0,4,0,0,0,0,0,0,0,1017,0,0,322,-251,-17825,-575,242,-1461
0,0,0,0,0,0,0,0,0,0,0,0,0,0,0,0,0,0,0,0,0,0,0,0,0,0,0,0,0,1056,0,0,323,594,-16473,70,566,-827
0,0,0,0,0,0,0,0,0,0,0,0,0,0,0,0,0,0,0,0,0,0,0,0,0,0,0,0,0,1092,0,0,-183,262,-15982,-56,464,17
1,0,0,0,0,0,0,0,0,0,0,0,0,0,0,0,0,0,0,0,0,0,0,0,0,0,0,0,0,1018,0,0,-201,331,-15897,-243,409,200
0,0,0,0,0,0,0,0,0,0,0,0,0,0,0,0,0,0,0,0,0,1,0,0,0,1,0,0,0,908,0,0,-243,317,-15844,-445,324,193
0,0,0,0,0,0,0,0,0,0,0,0,0,0,0,0,0,0,0,0,0,0,0,0,0,0,0,0,0,714,0,0,361,1578,-15189,914,615,412
0,0,0,0,0,0,0,0,1,0,0,0,0,0,0,0,0,0,0,0,0,0,0,0,0,0,0,0,0,386,0,0,61,-278,-17168,1465,1472,2924
0,0,0,0,0,0,0,0,0,0,0,0,0,0,0,0,0,0,0,0,1,0,0,0,0,1,0,0,0,0,0,0,-1050,-189,-15528,4954,-454,2455
0,0,0,0,0,0,0,0,0,0,0,0,0,0,0,0,0,0,0,0,0,0,0,0,0,0,0,0,0,0,0,0,139,-1564,-19061,4954,-454,2455
0,0,0,0,0,0,0,0,0,0,0,1,0,0,0,0,0,0,0,0,0,0,0,0,0,0,0,0,0,0,0,0,7,185,-14100,-115,251,237
0,0,0,0,0,0,0,0,0,0,0,0,1,0,0,0,0,0,0,0,0,0,0,0,1,0,0,0,0,0,0,0,133,-193,-16104,-308,247,230
0,0,0,0,0,0,0,0,0,0,0,0,0,0,0,0,0,0,0,0,0,0,0,0,0,0,0,0,0,0,0,0,-129,-163,-15367,-448,304,197
0,0,0,0,0,0,0,0,0,0,0,0,0,0,0,0,0,0,0,0,0,0,0,0,0,0,0,0,0,0,0,0,-194,-146,-16228,-345,440,193
0,0,0,0,0,0,0,0,0,0,0,0,0,0,0,0,0,0,0,0,0,0,0,0,0,0,0,0,0,0,0,0,-199,-188,-15987,-406,487,228
0,0,0,0,0,0,0,0,0,0,0,0,0,0,0,0,0,0,0,0,0,0,0,0,0,0,0,0,0,0,0,0,-168,-219,-16169,-463,423,242
0,0,0,0,0,0,0,0,0,0,0,0,0,0,0,0,0,0,0,0,0,0,0,0,1,0,0,0,0,0,0,0,-193,-177,-16008,-466,275,201
0,0,0,0,0,0,0,0,0,0,0,0,0,0,0,0,0,0,0,0,0,0,0,0,0,0,0,0,0,0,0,0,-159,-241,-15988,-415,298,200
0,0,0,0,0,0,0,0,0,0,0,0,0,0,0,0,0,0,0,0,0,0,0,126,0,0,0,0,0,0,0,0,-2179,1090,-17956,-11844,4262,390
0,0,0,0,0,0,0,0,0,0,0,0,0,0,0,0,0,0,0,0,0,0,0,425,1,0,0,0,0,0,0,0,-1407,2104,-8786,-3474,1990,26
0,0,0,0,0,0,0,0,0,0,0,0,0,0,0,0,0,0,0,0,0,0,0,514,0,0,0,0,0,0,0,0,253,1798,-13410,-2880,-965,-424
0,0,0,0,0,0,0,0,0,0,0,0,0,0,0,0,0,0,0,0,0,0,0,650,0,0,0,0,0,0,0,0,-493,-394,-17231,-2260,-423,-754
0,0,0,0,0,0,0,0,0,0,0,0,0,0,0,0,0,0,0,0,0,0,0,729,0,0,0,0,0,0,0,0,25,211,-16609,-395,415,-64
0,0,0,0,0,0,0,0,0,0,0,0,0,0,0,0,0,0,0,0,0,0,1,748,0,0,0,0,0,0,0,0,-193,232,-16369,45,532,214
0,0,0,0,0,1,0,0,0,0,0,0,0,0,0,0,0,0,0,0,0,0,0,822,0,0,0,0,0,0,0,0,-249,287,-16046,75,600,227
1,0,0,0,0,0,0,0,0,0,0,0,0,0,0,0,0,0,0,1,0,0,0,781,0,0,0,0,0,0,0,0,1624,2509,-15135,-143,688,1052
2,0,0,0,0,0,0,0,0,0,0,0,0,0,0,0,0,0,0,0,0,0,0,635,0,0,0,0,0,0,0,0,-626,881,-14224,381,1718,3503
0,0,0,0,0,0,0,0,0,0,0,0,0,0,0,0,0,0,0,0,0,0,0,422,0,0,0,0,0,0,0,0,224,245,-15240,3111,2451,3939
0,0,0,0,0,0,0,0,0,0,0,0,0,0,0,0,0,0,0,0,0,0,0,74,0,0,0,0,0,0,0,0,-216,-2255,-18439,4141,-1061,2228
0,0,0,0,0,0,0,0,0,0,0,0,0,0,0,0,0,0,0,0,0,0,0,0,1,0,0,0,0,0,0,0,-34,284,-11473,-1491,-30,583
0,0,0,0,0,0,0,0,0,0,0,0,0,0,0,0,0,0,0,0,0,1,0,0,0,0,0,0,0,0,0,0,134,-166,-18198,-857,370,232
0,0,0,0,0,0,0,0,0,0,0,0,0,0,0,0,0,0,0,0,0,0,0,0,0,0,0,0,0,0,0,0,-278,-44,-15140,71,165,227
0,0,0,0,0,0,0,0,0,0,0,0,0,0,0,0,0,0,0,0,0,0,0,0,0,0,0,0,0,0,0,0,-278,-304,-17064,-577,92,182
0,0,0,0,0,0,0,0,0,0,0,0,0,0,0,0,0,0,0,0,0,0,0,0,0,0,0,0,0,0,0,0,-296,-64,-15766,-409,347,187
0,0,0,0,0,0,0,0,0,0,0,0,0,0,0,0,0,0,0,0,0,0,0,0,0,0,0,0,0,0,0,0,-223,-157,-15908,-484,325,205
0,0,0,0,0,0,0,0,0,0,0,0,0,0,0,0,0,0,0,0,0,0,0,0,0,0,0,0,0,0,0,0,-260,-216,-16333,-404,371,207
0,0,0,0,0,0,0,0,0,0,0,0,1,0,0,0,0,0,0,0,0,0,0,0,0,0,0,0,0,0,0,0,-234,-82,-15648,-488,339,209
0,0,0,0,0,0,0,0,0,0,0,0,0,0,0,0,0,0,0,0,0,0,0,0,0,0,0,0,0,0,120,0,-213,-215,-16282,-468,336,202
0,0,0,0,0,0,0,0,0,0,0,0,0,0,0,0,0,0,0,0,0,0,0,0,0,0,0,0,0,0,500,0,-3611,20109,-26830,-11675,5334,545
0,0,0,0,0,0,0,0,0,0,0,0,0,0,0,0,0,0,0,0,0,0,0,0,0,0,0,0,0,0,656,0,1710,2419,-11903,-5155,2765,-4822
0,0,0,0,0,0,0,0,0,0,0,0,0,0,0,0,0,0,0,0,0,0,0,0,0,0,0,0,0,0,671,0,-1,437,-15290,-1323,592,-1686
0,0,0,0,0,0,0,0,0,0,0,0,0,0,0,0,0,0,0,0,0,0,0,0,0,0,0,0,0,0,713,0,92,593,-15152,-976,345,133
1,0,0,0,0,0,0,0,0,0,0,0,0,0,0,0,0,0,0,0,0,0,0,0,0,0,0,1,0,0,764,0,-318,291,-16068,-365,482,199
0,0,0,0,0,0,0,0,0,0,0,0,0,0,0,0,0,0,0,0,0,0,0,0,0,0,0,0,0,0,757,0,-215,327,-16023,-327,424,197
0,0,0,0,0,0,0,0,1,0,0,0,0,0,0,0,0,0,0,0,0,0,0,0,0,0,0,0,0,0,660,1,1891,2605,-15656,-459,389,1094
0,0,0,0,0,0,0,0,0,0,0,0,0,0,0,0,0,0,0,0,0,0,0,0,0,0,0,0,0,0,375,0,612,282,-12058,-316,804,2272
0,0,0,0,0,0,0,0,0,0,0,0,0,0,0,1,0,0,0,0,0,0,0,0,0,0,0,0,0,0,0,0,-95,-1382,-21136,8080,393,2967
0,0,0,0,0,0,0,0,0,0,0,0,0,0,0,0,0,0,0,0,0,0,0,0,0,0,0,0,0,0,0,0,-1113,-3255,-13719,337,-1135,774
0,0,0,0,0,0,0,0,0,0,0,0,0,0,0,0,1,0,0,0,0,0,0,0,0,0,0,0,0,0,0,0,-58,-976,-20078,1065,677,164
0,0,0,0,0,0,0,0,0,0,0,0,0,0,0,0,1,0,0,0,0,0,0,0,0,0,0,0,0,0,0,0,-401,-108,-14802,-198,53,175
0,0,0,0,0,0,0,0,0,0,0,0,0,0,0,0,0,0,0,0,0,0,0,0,0,0,0,0,0,0,0,0,-160,-197,-16164,-323,351,185
0,0,0,0,0,0,0,0,1,0,0,0,0,0,0,0,0,0,0,0,0,0,0,0,0,0,0,0,0,0,0,0,-268,-18,-15698,-487,380,216
0,0,0,0,0,0,0,0,0,0,0,0,0,0,0,0,0,0,0,0,0,0,0,0,0,0,0,0,0,0,0,0,-273,-217,-16519,-400,390,211
3,0,0,0,0,0,0,0,0,0,0,0,0,0,0,0,0,0,0,0,0,0,0,0,0,0,0,0,0,0,0,0,-251,-100,-15783,-516,439,228
0,0,0,0,0,0,0,0,1,0,0,0,0,0,0,0,1,0,0,0,0,0,0,0,0,0,0,0,0,0,0,0,-209,-124,-15856,-455,408,227
1,1,0,0,0,0,0,0,0,1,0,0,0,0,0,0,0,1,0,0,0,0,0,0,0,0,0,0,0,0,0,0,-212,-246,-16164,-484,384,221
0,0,0,0,0,0,0,27,0,0,0,0,0,0,0,8,0,0,0,0,0,0,0,0,0,0,0,0,0,0,0,343,-3716,-1277,-22278,-1951,-1016,287
0,0,0,0,0,0,0,19,0,0,0,0,0,0,0,13,0,0,0,0,0,0,0,4,0,0,0,0,0,0,1,561,-518,-307,-17978,1035,-173,131
0,0,0,0,0,0,0,25,0,0,0,0,0,0,0,15,0,0,0,0,0,0,0,7,1,0,0,0,0,0,0,694,-525,489,-15277,581,526,248
1,0,0,0,0,0,0,28,0,0,0,0,0,0,0,11,0,0,0,0,0,0,0,9,0,1,0,0,0,0,0,813,-146,485,-15315,-177,490,249
0,0,0,0,0,0,0,27,0,0,0,0,0,0,0,8,0,0,0,0,0,0,0,3,0,0,0,0,0,0,0,833,-277,419,-15633,-639,250,204
0,0,0,0,0,0,0,21,0,0,0,0,0,0,0,6,0,0,0,0,0,0,0,1,0,0,1,0,0,0,0,817,-198,239,-16093,-583,355,197
1,0,0,0,0,1,0,19,0,0,0,0,0,0,0,12,0,0,0,0,0,0,0,4,0,0,0,0,0,0,0,714,1080,1050,-15950,-571,436,1928
0,0,0,0,0,0,0,27,0,0,0,0,0,0,0,31,0,0,0,0,0,0,0,8,0,0,0,0,0,0,0,413,-371,1599,-14898,1312,1213,2627
0,0,0,0,0,0,0,41,1,0,0,0,0,0,0,40,0,0,0,0,0,0,0,14,0,0,0,0,0,0,0,201,-560,-3012,-20894,7835,-38,1702
1,1,0,1,0,1,0,1,1,0,0,0,0,0,0,0,1,1,1,0,0,0,0,0,3,0,0,0,1,0,0,0,148,-497,-9970,576,-420,452
1,1,0,0,0,0,0,0,3,1,0,0,0,0,1,0,2,1,1,0,0,1,0,0,1,0,1,0,0,0,0,0,260,-388,-19225,-159,750,176
1,2,0,0,0,0,0,0,1,1,2,0,1,0,0,1,2,1,0,0,0,0,0,0,2,1,0,0,0,0,0,0,-237,149,-13740,-524,260,207
2,0,0,0,0,0,0,0,1,0,0,0,0,0,0,0,1,1,0,0,0,1,0,0,2,1,1,0,0,0,0,0,-194,-435,-17580,-475,290,218
1,0,0,0,0,0,0,0,2,0,0,0,0,0,0,0,2,2,2,0,1,0,0,0,2,3,2,0,0,0,0,0,-310,-145,-14901,-446,292,209
1,0,0,0,1,0,0,0,3,1,1,0,0,0,0,0,4,1,0,1,0,0,0,0,2,1,0,0,0,0,0,0,-141,-252,-16781,-420,344,199
1,0,0,0,0,0,0,0,1,1,0,2,0,1,0,0,1,1,2,0,2,0,0,0,2,1,0,0,0,0,0,0,-304,-168,-15532,-316,362,212
0,0,0,0,0,0,1,0,2,1,0,1,0,0,0,0,2,1,1,1,0,1,0,0,2,2,1,0,0,0,0,0,-188,-258,-16280,-396,296,201
0,0,24,0,0,0,0,0,0,0,24,0,0,0,0,0,0,0,30,0,0,0,0,0,0,0,496,0,0,0,0,0,9110,3957,1908,-8510,363,-572
0,0,16,0,0,0,0,0,0,0,25,0,0,0,0,0,0,0,28,0,0,0,0,0,0,0,578,0,0,0,0,0,9180,9811,-10277,-2943,2684,-4150
1,0,16,0,0,0,0,0,1,0,26,0,0,0,0,0,0,0,32,0,0,0,0,0,0,0,627,0,0,0,0,0,-261,207,-16498,-709,1165,-1110
0,0,15,0,0,0,0,0,0,0,23,0,0,0,0,0,0,0,27,0,0,0,0,0,0,0,578,0,0,0,0,0,1670,2508,-16897,1301,785,1076
0,0,14,0,0,0,0,0,0,0,20,0,0,0,0,0,0,1,29,0,0,0,0,0,0,0,470,0,0,0,0,0,2286,-1275,-20212,3175,584,2674
0,0,30,0,0,0,0,0,0,1,0,0,0,0,0,1,0,0,0,0,0,0,0,1,2,1,0,0,0,0,1,0,-499,0,-15475,3640,199,929
0,0,0,0,0,0,0,0,1,1,0,0,0,0,0,0,1,0,0,0,0,0,0,0,3,2,1,0,1,0,0,0,3,-96,-14497,-989,-89,229
0,0,0,0,0,0,0,0,1,0,0,0,1,0,2,0,2,2,1,0,1,0,0,0,2,2,1,0,2,0,0,0,-226,-376,-16031,-487,17,177
0,0,0,0,0,0,0,0,1,0,0,0,0,0,0,0,1,1,0,0,0,0,0,0,2,2,0,0,0,0,0,0,-157,-78,-16081,-257,271,203
0,0,0,0,0,0,0,0,1,0,1,0,0,0,0,0,1,1,1,0,0,0,1,0,5,2,4,0,0,0,0,0,-163,-146,-15518,-460,403,204
0,0,0,0,0,0,0,0,1,0,0,0,0,0,0,0,1,1,0,0,0,0,0,0,1,2,0,1,0,0,0,0,-187,-153,-15795,-395,402,187
0,0,0,0,0,0,0,0,0,0,0,0,0,0,0,0,1,0,0,0,0,0,0,0,2,2,0,1,1,0,1,0,-171,-161,-16117,-389,415,199
0,0,0,0,0,0,0,0,0,0,0,0,0,0,0,0,1,1,0,0,0,0,0,0,3,1,1,0,0,0,0,0,-182,-126,-16023,-456,351,211
0,0,0,0,0,0,0,0,0,0,0,0,0,0,0,0,1,0,0,0,0,0,0,0,3,1,1,0,0,0,0,0,-208,-179,-15972,-455,285,206
0,0,0,0,0,0,0,0,0,0,0,0,0,0,0,0,0,0,0,0,0,0,0,0,1,0,0,0,0,0,0,0,-176,-171,-15981,-394,337,205
0,0,0,0,0,0,14,0,0,0,0,0,0,0,37,0,0,0,0,0,0,0,196,0,0,0,0,0,0,0,71,0,-167,-148,-15849,-436,328,197
0,0,0,0,0,0,5,0,0,0,0,0,0,0,26,0,0,0,0,0,0,0,507,0,0,0,0,0,0,0,0,0,7914,-514,-16215,-9015,4578,1129
0,0,0,0,0,0,0,0,0,0,0,0,0,0,9,0,0,0,0,0,0,0,543,0,0,0,0,0,0,0,0,0,7279,2930,-15294,-508,3981,-3744
0,0,0,0,0,0,0,0,0,0,0,0,0,0,7,0,0,0,0,0,0,0,530,0,0,0,0,0,0,0,0,0,2044,2316,-9881,-1261,1495,-1095
0,0,0,0,0,0,0,0,0,0,0,0,0,0,1,0,0,0,0,0,0,0,544,0,0,0,0,0,0,0,0,0,-198,509,-15553,-2227,204,278
0,0,0,0,0,0,0,0,1,0,0,0,0,0,0,0,0,0,0,0,0,0,431,0,0,0,0,0,0,0,0,0,37,136,-16001,2958,1230,301
1,0,0,0,0,0,0,0,0,0,0,0,0,0,1,0,0,0,0,0,0,0,46,0,0,0,0,0,0,0,41,0,1224,888,-18600,4865,2008,1195
0,0,0,0,0,0,0,0,0,0,0,0,0,0,0,0,0,0,0,0,0,0,0,0,0,0,0,0,0,0,0,0,-2345,-2216,-14795,1598,-232,1094
0,0,0,0,0,0,0,0,0,0,0,0,0,0,0,0,0,0,0,0,0,0,0,0,0,0,0,0,0,0,0,0,-368,111,-17178,256,327,432
0,0,0,0,0,0,0,0,0,0,1,0,0,0,0,0,1,0,0,0,0,0,0,0,0,0,0,0,0,0,0,0,-20,-28,-14609,-675,346,197
0,0,0,0,0,0,0,0,0,0,0,0,0,0,0,0,0,0,0,0,0,0,0,0,0,0,0,0,0,0,0,0,-144,-139,-15843,-675,346,197
0,0,0,0,0,0,0,0,0,0,0,0,0,0,0,0,0,0,0,0,0,0,0,0,0,0,0,0,0,0,0,0,-250,-152,-15759,-357,505,211
0,0,0,0,0,0,0,0,0,0,0,0,0,0,0,0,0,0,0,0,0,0,0,0,0,0,0,0,0,0,0,0,-229,-178,-16272,-343,419,190
0,0,0,0,0,0,0,0,0,0,0,0,0,0,0,0,0,0,0,0,0,0,0,0,0,0,0,0,0,0,0,0,-215,-177,-15960,-480,301,206
0,0,0,0,0,0,0,0,0,0,0,0,0,0,0,0,0,0,0,0,0,0,0,0,0,0,0,0,0,0,0,0,-190,-192,-16016,-547,261,213
0,0,0,0,0,0,0,0,0,0,0,0,0,0,0,0,0,0,0,0,0,0,0,0,0,0,0,0,0,0,0,0,-272,-135,-15890,-487,262,199
0,0,0,0,0,0,0,0,0,0,0,0,0,0,0,0,0,0,0,0,0,0,0,0,0,0,0,0,0,0,0,0,-250,-199,-16117,-369,348,198
0,0,0,0,0,0,0,0,0,0,0,0,0,0,0,0,0,0,0,0,0,485,0,0,0,0,0,0,0,0,0,0,-5683,4196,-22795,-7470,3191,-2707
0,0,0,0,0,0,0,0,0,0,0,0,0,0,0,0,0,0,0,0,0,550,0,0,0,0,0,0,0,0,0,0,5857,568,-15695,-4663,4404,-2678
0,0,0,0,0,0,0,0,0,0,0,0,0,0,0,0,0,0,0,0,0,635,0,0,0,0,0,0,0,0,0,0,31,-437,-14326,-1537,1314,-448
0,0,0,0,0,0,0,0,0,0,0,0,0,0,0,0,0,0,0,0,0,632,0,0,0,0,0,0,0,0,0,0,-472,-127,-15552,-48,476,218
0,0,0,0,0,0,0,0,0,0,0,0,0,0,0,0,0,0,0,0,0,402,0,0,0,0,0,0,0,0,0,0,1409,1838,-17536,1575,591,2780
0,0,0,0,0,0,0,0,0,0,0,0,0,0,0,0,0,0,0,0,0,0,0,0,0,0,0,0,0,0,0,0,-7840,-4782,-19015,327,-370,4280
0,0,0,0,0,0,1,0,0,0,0,0,0,0,0,0,0,0,0,0,0,0,0,0,0,0,0,0,0,0,0,0,252,-769,-16977,1122,396,1239
0,0,0,0,0,0,0,0,0,0,0,0,0,0,0,0,0,0,0,0,0,0,0,0,0,0,0,0,0,0,0,0,-511,-216,-15408,-283,270,196
0,0,0,0,0,0,0,0,0,0,0,0,0,0,0,0,0,0,0,0,0,0,0,0,0,0,0,0,0,0,0,0,-224,-195,-16631,-557,403,192
0,0,0,0,0,0,0,0,0,0,0,1,0,0,0,0,0,0,0,0,0,0,0,0,0,0,0,0,0,0,0,0,-238,-182,-15624,-730,136,202
0,0,0,0,0,0,0,0,0,0,1,0,0,1,0,0,0,0,0,0,0,0,0,0,0,0,0,0,0,0,0,0,-247,-248,-16476,-441,389,204
0,0,0,0,0,0,0,0,0,0,0,0,0,0,0,0,0,0,0,0,0,0,0,0,0,0,0,0,0,0,0,0,-265,-158,-15658,-442,321,196
0,0,0,0,0,0,0,0,0,0,0,0,0,0,0,0,0,0,0,0,0,0,0,0,0,0,0,0,0,0,0,0,-220,-234,-16331,-438,347,205
0,1,0,0,0,0,0,0,0,0,0,0,0,0,0,0,0,0,0,0,0,0,0,0,0,0,0,0,0,0,0,0,-285,-162,-15690,-424,338,206
0,0,0,0,0,0,0,0,0,0,0,0,0,0,0,0,0,0,0,0,0,0,0,0,0,0,0,0,0,0,0,0,-190,-212,-16270,-426,300,205
0,0,0,0,0,0,0,0,0,0,0,0,0,0,0,0,0,0,0,0,123,0,0,0,0,0,0,0,0,0,0,0,-249,-226,-15932,-443,325,200
0,0,0,0,0,0,0,0,0,0,0,0,0,0,0,0,0,0,0,0,385,0,0,0,0,0,0,0,0,0,0,0,339,-333,-14393,831,631,218
0,0,0,0,0,0,0,0,0,0,0,0,0,0,0,0,0,0,0,0,466,0,0,0,0,0,0,0,0,0,0,0,-245,-123,-16239,247,344,212
0,0,0,0,0,0,0,0,0,0,0,0,0,0,0,0,0,0,1,0,474,0,0,0,0,0,0,0,0,0,0,0,-317,-107,-15644,-627,354,206
0,0,0,0,0,0,0,0,0,0,0,0,0,0,0,0,0,0,0,0,429,0,0,0,0,0,0,0,0,0,0,0,-279,-354,-16360,-675,390,188
0,0,0,0,0,0,0,0,0,0,0,0,0,0,0,0,0,0,0,0,0,0,0,0,0,0,0,0,0,0,0,0,-346,-239,-15803,-697,257,192
0,0,0,0,0,0,0,0,0,0,0,1,0,0,0,0,0,0,1,0,0,0,0,0,0,0,0,0,0,0,0,0,-149,-500,-16426,-158,316,206
0,0,0,0,0,0,0,0,0,0,0,0,0,0,0,0,0,0,0,0,0,0,0,0,0,0,0,0,0,0,0,0,-237,-187,-15795,-287,268,201
0,0,0,0,0,0,0,0,0,0,0,0,0,0,0,0,0,0,0,0,0,0,0,0,0,0,0,0,0,0,0,0,-215,-230,-16233,-341,339,200
0,0,0,0,0,0,0,0,0,0,0,0,0,0,0,0,0,0,0,0,0,0,0,0,0,0,0,0,0,0,0,0,-273,-191,-15915,-412,300,192
1,0,0,0,0,0,0,0,0,0,0,0,0,0,0,0,0,0,0,0,0,0,0,0,0,0,0,0,0,0,0,0,-247,-218,-16168,-380,352,203
0,0,0,0,0,0,0,0,0,0,0,0,0,0,0,0,0,0,0,0,0,0,0,0,0,0,0,0,0,0,0,0,-212,-208,-15890,-445,326,204
0,0,0,0,0,0,0,0,0,0,0,0,0,0,0,0,0,0,0,0,0,0,0,0,0,0,0,0,0,0,0,0,-196,-176,-16008,-412,347,201
1,0,0,0,0,0,0,0,0,0,0,0,0,0,0,0,0,0,0,0,0,0,0,0,0,0,0,0,0,0,0,0,-287,-162,-15975,-436,360,215
0,0,0,0,0,0,0,0,0,0,0,0,0,0,0,0,0,0,0,0,0,0,0,1,0,0,0,0,0,0,0,0,-226,-232,-15992,-415,347,212
0,0,0,0,0,0,0,0,0,0,0,0,0,0,0,0,0,0,0,0,0,0,0,0,0,0,0,0,1,0,0,0,-267,-198,-15982,-419,311,202
0,0,0,0,0,0,0,0,0,0,0,0,0,0,0,0,0,0,0,0,0,0,0,0,0,0,0,0,0,0,0,0,-292,-216,-15927,-398,314,205
2,0,0,0,0,0,0,0,0,0,69,0,0,0,0,0,0,0,27,0,0,0,0,0,0,0,0,0,0,0,0,0,-252,-233,-16053,-412,348,210
0,0,9,0,0,0,0,0,0,0,0,0,0,0,0,0,0,0,445,0,0,0,0,0,0,0,0,0,0,0,0,0,-568,562,-17404,-52,594,199
0,0,13,0,0,0,0,0,0,0,0,0,0,0,0,0,0,0,475,0,0,0,0,0,0,0,0,0,0,0,0,0,692,1437,-13797,-1820,726,180
0,0,8,0,0,0,0,0,0,0,0,0,0,0,0,0,0,0,408,0,0,0,0,0,0,0,0,0,0,0,0,0,-530,-461,-17203,-1292,751,260
0,0,20,0,0,0,0,0,0,0,13,0,0,0,0,0,1,0,10,0,0,0,0,0,0,0,0,0,0,0,0,0,-1349,-880,-16430,-1205,363,-28
1,0,0,0,0,0,0,0,0,0,0,0,0,0,0,0,0,0,0,0,0,0,0,0,0,0,0,0,0,0,0,0,-111,-40,-14980,-1205,363,-28
1,0,0,0,0,0,0,0,0,0,0,0,0,0,0,0,0,0,0,0,0,0,0,0,0,0,0,0,0,0,0,0,-172,-257,-16684,-565,419,215
0,0,0,1,0,0,0,0,1,0,0,0,0,0,0,0,0,0,0,0,0,0,0,0,0,0,0,0,0,0,0,0,-348,-155,-15582,-581,413,245
7,1,0,0,1,0,0,0,1,0,0,0,1,0,0,0,1,0,0,0,0,0,0,0,0,0,0,0,0,0,0,0,-168,-268,-16473,-448,371,232
1,0,0,0,1,0,0,0,1,0,0,0,1,0,0,0,0,0,1,0,0,0,0,0,1,0,0,0,0,0,0,0,-302,-161,-15547,-493,236,204
1,0,0,0,0,0,0,0,0,0,0,0,1,0,0,0,0,1,0,0,0,0,0,0,0,0,0,0,0,0,0,0,-219,-151,-16287,-315,467,211
1,0,0,0,1,0,0,0,4,0,0,0,0,0,0,0,0,0,0,0,0,0,0,0,0,0,0,0,0,0,0,1,-255,-193,-15815,-458,345,228
1,0,1,0,0,0,0,0,3,0,0,0,0,0,0,0,1,0,0,0,0,0,0,0,0,0,0,0,0,0,0,0,-224,-231,-16279,-433,352,228
1,0,0,0,0,1,0,0,1,1,0,0,0,0,0,0,2,0,0,0,0,0,0,0,1,0,0,0,0,0,0,0,-265,-206,-15753,-490,263,202
6,0,0,0,2,0,0,0,1,0,0,0,0,0,0,0,1,0,0,0,0,0,0,0,1,0,0,0,0,0,0,0,-187,-193,-16160,-396,348,197
1,0,0,28,1,0,0,0,1,0,0,24,0,0,0,0,0,0,0,193,0,0,0,0,0,0,0,11,0,0,0,0,-676,1973,-15917,-362,1189,110
0,0,0,37,0,0,0,0,0,0,0,32,0,0,0,0,0,0,0,401,0,0,0,0,0,0,0,21,0,0,0,0,-410,-490,-15759,-1051,656,150
0,0,0,38,0,0,0,0,0,0,0,35,0,0,0,0,0,0,0,446,0,0,0,0,0,0,0,30,0,0,0,0,-124,-337,-16535,-437,452,180
0,0,0,37,0,0,0,0,0,0,0,33,0,0,0,0,0,0,0,411,0,0,0,0,0,0,0,51,0,0,0,0,-255,-168,-15711,-479,310,185
0,0,0,49,0,0,0,0,0,0,0,38,1,0,0,0,0,0,0,110,0,0,0,0,0,0,0,56,0,0,0,0,-653,-497,-15588,-442,196,222
1,1,1,0,0,1,0,0,1,2,1,0,0,1,0,1,2,1,0,0,0,1,0,0,4,1,0,0,0,1,0,0,-367,-490,-15696,-796,470,217
1,1,0,0,0,0,0,0,1,1,0,1,0,2,0,0,3,1,0,0,2,0,0,0,2,2,0,0,0,0,0,0,-111,-240,-16205,-695,406,204
1,0,0,0,0,1,0,0,2,1,4,0,0,0,0,0,1,3,0,0,0,1,0,0,2,4,4,0,0,0,0,0,-380,-188,-15688,-574,323,198
1,0,0,0,0,0,0,0,1,1,1,1,1,0,0,1,1,2,3,0,0,0,0,0,2,2,1,0,0,0,1,0,-178,-282,-16335,-458,337,196
1,0,0,1,0,0,0,0,2,0,0,0,0,0,0,0,5,1,0,0,0,0,0,0,2,6,0,0,0,0,0,0,-257,-173,-15649,-490,319,194
1,0,0,0,0,0,0,0,7,0,0,0,2,0,0,0,8,1,1,0,0,0,0,0,2,1,1,0,0,0,0,0,-264,-223,-16249,-450,351,205
1,0,0,0,0,0,0,0,1,0,0,1,0,0,0,0,2,1,1,0,1,0,0,0,8,1,0,0,0,0,0,0,-262,-199,-15789,-465,333,211
1,0,0,0,0,0,0,1,1,1,1,0,0,0,0,0,2,1,1,0,0,0,0,0,2,10,0,0,1,0,0,0,-223,-242,-16294,-403,364,203
1,0,0,0,0,0,28,1,0,0,0,0,0,0,272,0,0,0,0,0,0,0,114,0,0,0,0,0,0,0,104,0,-210,-494,-15697,-475,310,205
0,0,0,0,0,0,28,0,0,0,1,0,0,0,304,0,0,0,0,0,0,0,124,0,0,0,0,0,0,0,94,0,366,43,-15156,573,-186,2047
0,0,0,0,0,0,26,0,0,0,0,0,0,0,280,0,0,0,0,0,0,0,101,0,0,0,0,0,0,0,84,0,5,534,-15379,-352,437,885
0,0,0,0,0,0,34,0,0,0,0,0,0,0,197,0,0,0,0,0,0,0,95,0,0,0,0,0,0,0,99,0,-394,-201,-16622,-736,482,221
5,1,0,0,0,0,0,0,9,0,0,0,1,0,0,0,1,0,0,0,0,0,0,0,0,0,0,1,1,0,0,1,-364,-471,-16307,-395,299,132
0,0,0,0,0,0,0,0,1,0,0,0,0,0,0,0,1,1,0,0,0,0,0,0,2,2,0,1,0,1,0,0,-463,-296,-15972,-148,255,196
0,0,0,0,0,0,0,0,0,0,1,0,0,0,0,0,1,0,0,0,0,0,0,0,5,1,1,0,0,0,0,1,-243,-235,-16247,-350,325,216
0,0,0,0,0,0,0,0,0,0,0,0,0,0,0,0,1,0,0,0,1,0,0,0,4,2,1,0,0,0,0,0,-244,-232,-15835,-299,319,208
0,0,0,0,0,0,0,0,0,0,0,0,0,0,0,0,1,1,0,0,0,0,0,0,4,2,0,1,0,0,0,0,-263,-205,-16254,-386,322,202
0,0,0,0,0,1,0,0,1,0,0,0,0,0,0,0,1,0,0,0,0,0,1,0,2,0,1,0,0,0,0,1,-274,-218,-15778,-418,346,207
0,0,0,0,0,0,0,0,0,0,0,0,0,0,0,0,2,0,0,0,0,0,0,0,2,2,1,0,0,0,1,0,-258,-261,-16224,-420,335,198
0,0,0,0,0,0,0,0,0,0,0,0,0,0,0,0,0,0,0,0,0,0,0,0,1,1,1,2,0,0,0,0,-293,-221,-15982,-419,347,206
0,0,0,0,0,0,0,0,0,0,0,1,0,0,0,0,0,0,0,0,0,0,0,0,2,0,0,0,0,0,0,0,-280,-184,-16055,-432,327,200
1,0,0,0,0,0,0,1,2,0,0,0,0,0,0,138,0,0,0,0,0,0,0,0,0,0,0,0,0,0,1,21,-231,-196,-15986,-414,306,192
0,0,0,0,0,0,0,5,0,0,0,0,0,0,0,364,0,0,0,0,0,0,0,0,0,0,0,0,0,0,0,0,-92,-773,-15163,221,364,188
0,0,0,0,0,0,0,0,0,0,0,0,0,0,0,369,0,0,0,0,0,0,0,0,0,0,0,0,0,0,0,0,-3643,-4405,-15715,-727,633,1885
0,0,0,0,0,0,0,0,0,0,0,0,0,0,0,234,0,0,0,0,0,0,0,0,0,0,0,0,0,0,0,14,-480,-521,-16770,-613,288,760
0,0,0,0,0,0,0,0,0,0,0,0,0,0,0,0,1,0,0,0,0,0,0,0,2,0,0,0,0,1,0,0,-181,3526,-16275,-1514,755,-1846
0,0,0,0,0,0,0,0,0,0,0,0,0,0,0,0,0,0,0,0,0,0,0,0,2,0,0,0,0,0,0,0,-142,-377,-16766,-538,535,-462
0,0,0,0,0,0,0,0,0,0,0,0,0,0,0,0,0,0,0,0,0,0,0,0,1,0,0,0,0,0,0,0,-212,-9,-15509,-16,236,187
0,0,0,0,0,0,0,0,0,0,0,0,0,0,0,0,0,0,0,0,0,0,0,0,1,0,0,0,0,0,0,0,-215,-85,-15941,-631,172,211
0,0,0,0,0,0,0,0,0,0,0,0,0,0,0,0,0,0,0,0,0,0,0,0,0,0,0,0,0,0,0,0,-199,-82,-16292,-543,323,202
0,0,0,1,0,0,0,0,0,0,0,0,0,0,0,0,0,0,0,0,0,0,0,0,1,0,0,0,0,0,0,0,-235,-145,-15881,-373,335,201
0,0,0,0,0,0,0,0,0,0,0,0,0,0,0,0,0,0,0,0,0,0,0,0,0,0,0,0,0,0,0,0,-176,-224,-16197,-470,322,208
0,0,0,0,0,0,0,0,0,0,0,0,0,0,0,0,0,0,0,0,0,0,0,0,0,0,0,0,0,0,0,0,-197,-168,-15910,-398,377,205
0,0,0,0,0,0,0,0,0,0,0,0,0,0,0,0,0,0,0,0,0,0,0,0,0,0,0,0,0,0,0,0,-206,-173,-16038,-476,277,187
0,0,0,0,0,0,0,0,0,0,0,0,0,0,0,0,0,0,0,0,0,0,0,0,0,0,0,0,0,0,0,0,-176,-203,-15945,-394,458,219
0,0,0,0,0,0,1,0,0,0,0,0,0,0,0,0,0,0,0,0,0,0,0,0,0,0,0,0,0,0,0,0,-225,-143,-16076,-434,388,200
0,0,0,0,0,0,0,0,0,0,0,0,0,253,0,0,0,0,0,0,0,0,0,0,0,0,0,0,0,0,0,0,460,591,-15854,-319,392,698
0,0,1,0,0,1,0,0,0,0,0,0,0,319,0,0,0,0,0,0,0,0,0,0,0,0,0,0,0,0,0,0,-46,-96,-16182,-629,258,386
0,0,0,0,0,0,0,0,0,0,0,0,0,282,1,0,0,0,0,0,0,0,0,0,0,0,0,0,0,0,0,0,-1399,-784,-15474,-899,484,-1920
1,0,0,0,0,0,0,0,0,0,0,0,0,107,1,0,0,0,0,0,0,0,0,0,0,0,0,0,0,0,0,0,309,937,-17807,-127,525,-2933
0,0,0,0,0,0,0,0,0,0,0,0,0,0,0,0,0,0,0,0,0,0,0,0,0,0,0,0,0,0,0,0,-272,-177,-16020,-445,23,-623
0,0,0,0,0,0,0,0,0,0,0,0,0,0,0,0,0,0,0,0,0,0,0,0,0,0,0,0,0,0,0,0,-277,-126,-15898,-370,251,195
0,0,0,0,0,0,0,0,0,0,0,0,0,0,0,0,0,0,0,0,0,0,0,0,0,0,0,0,0,0,0,0,-302,-179,-16136,-575,300,189
0,0,0,0,0,0,0,0,0,0,0,0,0,0,0,0,0,0,0,0,0,1,0,0,1,0,0,0,0,0,0,0,-233,-190,-16094,-381,400,191
0,0,0,0,0,0,0,0,0,0,0,0,0,0,0,0,0,0,0,0,0,0,0,0,0,0,0,0,0,0,0,0,-212,-202,-16027,-514,286,197
0,0,0,0,0,0,0,0,0,0,0,0,0,0,0,0,0,0,0,0,0,0,0,0,0,0,0,0,0,0,0,0,-204,-192,-15961,-407,390,205
0,0,0,0,0,0,0,0,0,0,0,0,0,0,0,0,0,0,0,0,0,0,0,0,0,0,0,0,0,0,0,0,-168,-185,-16082,-496,245,186
0,0,0,0,0,0,0,0,0,0,0,0,0,0,0,0,0,0,0,0,0,0,0,0,0,0,0,0,0,0,0,0,-226,-150,-16005,-407,311,187
0,0,0,0,0,0,0,0,0,0,0,0,0,0,0,0,0,0,0,0,0,0,0,0,0,0,0,0,0,0,0,0,-211,-184,-16105,-451,320,202
0,0,0,0,0,0,0,0,0,0,0,0,0,0,0,0,0,0,0,0,0,0,0,0,0,0,0,0,0,0,0,0,-216,-199,-16000,-359,359,205
0,0,0,0,0,0,0,0,0,0,0,193,0,0,0,0,0,0,0,0,0,0,0,0,0,0,0,0,0,0,0,1,-184,-185,-16053,-444,297,208
0,0,0,0,0,0,0,0,0,0,0,308,0,0,0,0,0,0,0,0,0,0,0,0,0,0,0,0,0,0,0,0,7649,-1426,-22433,1217,993,15849
2,0,0,0,0,0,0,0,0,0,0,315,0,0,0,0,0,0,0,0,0,0,0,0,0,0,0,0,0,0,0,0,-3618,432,-15796,1361,817,5872
0,0,0,0,0,0,0,0,0,0,0,166,0,0,0,0,0,0,0,0,0,0,0,0,0,0,1,0,0,0,0,0,-3387,-2905,-16903,-2338,1513,-2679
0,0,0,0,0,0,0,0,1,0,0,0,0,0,0,0,0,0,0,0,0,0,0,0,0,0,0,0,0,0,0,0,913,1289,-15867,-3214,2522,-3512
0,0,0,0,0,0,0,0,0,0,0,0,0,0,0,0,0,0,0,0,0,0,0,0,0,0,0,0,0,0,0,0,-657,-330,-16875,-818,707,-761
0,0,0,0,0,0,0,0,0,0,0,0,0,0,0,0,0,0,0,0,0,0,0,0,0,0,0,0,0,0,0,0,-1589,-103,-17586,126,-174,140
0,0,0,0,0,0,0,0,0,0,0,0,0,0,0,0,0,0,0,0,0,0,0,0,0,0,0,0,0,0,0,0,-276,-71,-15568,-368,302,185
0,0,0,0,0,0,0,0,0,0,0,0,0,0,0,0,0,0,0,0,0,0,0,0,0,0,0,0,0,0,0,0,-236,-133,-16514,-368,491,200
0,0,0,0,0,0,0,0,0,0,0,0,0,0,0,0,0,0,0,0,0,0,0,0,0,0,0,0,0,0,0,0,-324,-134,-15803,-514,284,206
0,0,0,0,0,0,0,0,0,0,0,0,0,0,0,0,0,0,0,0,0,0,0,0,0,0,0,0,0,0,0,0,-245,-220,-16114,-453,423,214
0,0,0,0,0,0,0,0,0,0,0,0,0,0,0,0,0,0,0,0,0,0,0,0,0,0,0,0,0,0,0,0,-290,-132,-15925,-487,330,210
0,0,0,0,0,0,0,0,0,0,0,0,0,0,0,0,0,0,0,0,0,0,0,0,0,0,0,0,0,0,0,0,-286,-233,-16180,-508,296,212
0,0,0,0,0,0,0,0,0,0,0,0,0,0,0,0,1,0,0,0,0,0,0,0,0,0,0,0,0,0,0,0,-300,-164,-15870,-483,306,200
0,0,0,0,0,0,0,0,0,0,0,0,0,0,0,0,0,0,0,0,0,0,0,0,0,0,0,0,0,0,0,0,-237,-207,-16160,-439,314,203
0,0,0,0,0,0,0,0,0,0,0,0,0,0,0,0,0,0,0,0,0,0,0,0,0,0,0,0,0,0,0,0,-294,-187,-15973,-437,329,202
0,0,0,0,0,0,0,0,0,0,0,0,0,0,0,0,0,0,0,0,0,0,0,0,0,0,0,0,0,0,1,0,-260,-140,-16047,-428,334,204
0,0,0,0,0,0,0,0,0,0,0,0,164,0,0,0,0,0,0,0,0,0,0,0,0,0,0,0,0,0,0,0,-291,-184,-16025,-413,325,202
0,0,0,0,0,0,0,0,0,0,0,0,213,0,0,0,0,0,0,0,0,1,0,0,0,0,0,0,0,0,0,0,948,-303,-15439,-2076,2848,99
0,0,0,0,0,0,0,0,0,0,0,0,186,0,0,0,0,0,0,0,0,0,0,0,0,0,0,0,0,1,0,0,-558,58,-20502,1205,562,299
0,0,0,0,11,0,0,0,0,0,0,0,122,0,0,0,0,0,0,0,0,0,0,0,0,0,0,0,0,0,0,0,-2083,-1792,-18280,-445,-664,-2670
0,0,0,0,0,0,0,0,0,0,0,0,0,0,0,0,0,0,0,0,0,0,0,0,0,0,0,0,0,0,0,0,-144,2982,-15491,-1094,-142,-2996
2,0,0,0,0,0,0,0,0,0,0,0,0,0,0,0,0,0,0,0,0,0,0,0,0,0,0,0,0,0,0,0,-515,324,-15800,-19,200,-713
0,0,0,0,0,0,0,0,1,0,0,0,0,0,0,0,0,0,0,0,0,0,0,0,0,0,0,0,0,0,0,0,63,2298,-16339,-625,-186,-507
0,0,0,1,0,0,0,0,0,0,0,0,0,0,0,0,1,0,0,0,0,0,0,0,0,0,0,0,0,0,0,0,-1053,71,-17598,-625,-186,-507
0,0,0,0,0,0,0,0,0,0,0,0,0,0,0,0,0,0,0,0,1,0,0,0,0,0,0,0,0,0,0,0,451,-410,-12801,-407,543,-1176
2,0,1,0,0,0,0,0,0,0,0,0,0,0,0,0,0,0,0,0,0,0,0,0,0,0,0,0,0,0,0,0,-534,-326,-15773,-774,538,-1050
0,0,0,0,0,0,0,1,0,0,0,0,0,0,0,0,0,0,0,0,0,0,0,0,0,0,0,0,0,0,0,0,-800,-2072,-16294,-228,-5,-1469
1,1,0,0,0,0,0,0,1,0,1,0,0,0,0,0,2,0,0,0,0,0,0,0,0,0,0,0,0,0,0,0,-1017,41,-13349,-1367,644,-2470
2,0,0,0,0,0,0,0,2,0,0,0,0,0,0,0,0,0,0,0,0,0,0,0,0,0,0,0,0,0,0,0,618,1354,-12771,-1034,905,-2841
1,0,0,0,0,0,0,0,1,0,0,1,0,0,0,0,0,0,0,0,0,0,0,0,0,0,0,0,0,0,0,0,-559,2553,-16509,-750,403,-2227
0,0,0,0,0,0,0,0,1,0,0,1,0,0,0,0,0,0,0,0,0,0,0,0,1,0,0,0,0,0,0,0,234,2602,-15973,-906,514,-1501
2,1,0,0,0,0,0,0,1,0,0,0,0,1,0,0,0,0,0,0,0,0,0,0,0,0,0,0,0,0,0,0,-275,833,-15996,-245,461,-327
1,0,0,0,0,0,0,0,1,0,0,2,0,0,0,0,1,0,0,0,0,0,0,0,0,1,0,1,0,0,0,0,-288,-454,-15738,-320,347,114
1,1,0,2,0,0,0,0,1,0,1,0,0,0,0,0,1,1,0,0,0,0,0,0,0,0,0,0,0,0,0,0,197,-6193,-15150,753,-20,153
2,0,0,1,0,0,0,0,1,1,0,1,0,0,0,0,2,0,1,0,0,0,0,0,1,0,0,0,0,0,1,0,-526,959,-14864,-1940,480,-816
1,1,0,0,0,0,0,0,3,1,0,0,0,0,0,0,1,2,0,0,0,0,0,0,1,0,0,0,0,0,0,0,512,883,-16341,-232,551,-884
2,1,0,1,0,0,1,0,2,1,0,0,0,0,0,0,1,0,1,0,0,0,0,0,3,0,0,0,0,0,0,0,-692,395,-16043,-82,88,-148
1,1,0,0,0,1,1,0,1,1,0,0,0,0,0,1,3,1,0,0,1,0,0,0,1,0,1,0,0,0,0,0,-466,-327,-16190,-435,53,41
0,0,0,0,57,0,0,0,0,0,0,0,68,0,0,0,1,0,0,0,90,0,0,0,0,0,0,0,39,0,0,0,-414,-840,-16016,-94,139,105
0,0,0,0,242,1,0,0,0,0,0,0,78,0,0,0,0,0,0,0,61,0,0,0,1,0,0,0,43,0,0,0,225,22,-13376,-399,-253,505
0,0,0,0,293,0,0,0,0,0,0,0,106,0,0,0,0,0,0,0,86,1,0,0,0,0,0,0,83,0,0,0,-22,363,-17330,645,1215,1821
0,0,0,0,301,0,0,0,0,0,0,0,119,0,0,0,0,0,0,0,84,0,0,0,0,0,0,0,67,0,0,0,-664,-381,-14884,-890,441,1161
0,0,0,0,292,0,0,0,0,0,0,0,122,0,0,0,0,0,0,0,99,0,0,0,0,0,0,0,81,0,0,0,-811,-1224,-16776,396,138,396
0,0,0,0,60,1,0,0,0,0,0,0,19,0,0,0,0,0,1,1,0,0,0,0,0,0,1,0,0,0,0,1,-1311,621,-16981,-1736,-117,-1685
1,0,0,0,0,0,0,0,2,0,0,0,0,0,0,0,2,1,0,0,0,0,0,0,2,1,1,0,2,0,0,0,1041,2295,-16691,324,334,-904
1,0,0,0,1,0,0,0,3,1,0,0,0,1,0,0,2,2,1,0,0,0,0,0,2,2,1,0,0,0,0,0,-345,6,-15656,-496,335,72
1,0,0,0,0,0,0,1,2,0,0,0,0,0,1,0,1,1,1,0,0,0,2,0,3,12,1,0,0,1,0,0,-448,-235,-16172,-530,434,226
0,0,1,0,0,0,0,0,1,1,1,0,0,1,0,0,2,7,0,1,0,0,0,0,3,3,2,0,0,0,0,0,-405,-174,-15861,-534,329,206
1,0,0,0,0,0,0,0,1,1,0,0,0,0,0,0,3,1,1,0,0,1,0,1,2,2,0,0,0,0,0,0,-368,-228,-16020,-281,398,198
0,1,0,1,0,0,0,0,1,2,0,0,0,1,0,0,2,1,1,0,0,0,0,0,3,4,0,0,0,0,0,0,-392,-235,-16193,-490,333,210
0,0,0,0,0,0,0,0,1,0,0,0,0,0,0,0,2,1,0,0,0,0,0,0,2,2,1,0,0,0,0,0,-348,-158,-15950,-432,326,208
1,0,0,0,0,0,0,0,1,0,0,0,0,0,0,0,1,1,0,0,0,0,0,0,2,1,0,0,1,0,0,0,-371,-221,-16028,-440,326,205
0,0,0,0,0,0,0,0,1,0,0,0,0,0,0,0,3,0,0,0,0,0,0,0,2,2,0,0,0,0,0,0,-350,-222,-16058,-416,351,207
0,0,0,0,0,0,0,0,4,0,0,0,1,0,0,0,1,1,0,0,1,1,0,0,5,1,0,0,0,1,0,0,-414,-255,-15972,-409,361,209
0,0,0,0,0,0,0,0,1,0,0,0,0,0,0,0,1,0,0,0,1,0,0,0,2,1,0,0,0,0,0,0,-2396,3030,-20612,-557,-689,50
0,0,0,0,0,0,0,0,0,0,0,0,0,0,0,0,1,0,0,0,1,0,0,0,2,1,1,0,2,0,1,0,772,-312,-14588,398,-249,-1827
0,0,0,0,0,0,0,0,1,0,0,0,0,0,0,0,3,0,0,0,1,0,1,0,1,1,0,0,1,0,0,0,-20,279,-17023,193,127,-1125
0,0,0,0,0,0,0,0,0,0,0,0,0,0,0,0,0,0,1,0,0,0,0,0,3,1,1,0,0,0,1,0,-823,-120,-17402,-347,-149,-712
0,0,0,0,0,0,0,0,0,0,0,0,0,0,0,0,1,0,0,0,0,0,0,0,2,0,1,1,1,0,0,1,-588,633,-17455,-414,31,-568
0,0,0,0,0,0,0,375,0,0,0,0,0,0,0,0,0,0,0,0,0,0,0,0,0,0,0,0,0,0,0,10,-1147,-1974,-15693,-420,446,-313
0,0,0,0,0,0,0,436,0,0,0,0,0,0,0,0,1,0,0,0,0,0,0,0,0,0,0,0,0,0,0,4,-803,1838,-17709,-207,481,3544
0,0,0,0,0,0,0,400,0,0,0,0,0,0,0,0,0,0,0,0,0,0,0,0,0,0,0,0,0,0,0,1,-459,327,-13980,-1314,468,1401
0,0,0,0,0,0,0,311,0,0,0,0,0,0,0,0,0,0,0,0,0,0,0,0,0,0,0,0,0,0,0,0,-1219,-3750,-15248,94,935,-2264
0,0,0,0,0,0,0,0,0,0,0,0,0,0,0,0,0,0,0,0,0,0,0,0,0,0,0,0,0,0,0,1,-131,967,-15567,-591,1002,-3100
0,0,0,0,0,0,0,0,0,0,0,0,0,0,0,0,0,0,0,0,0,0,0,0,1,0,0,0,0,0,0,0,758,-27,-17007,-939,628,-1078
0,0,0,0,0,0,0,0,0,0,0,0,0,0,0,0,0,0,0,0,0,1,0,0,1,0,0,0,0,0,0,0,-105,-833,-16051,221,140,83
0,0,0,0,0,0,0,0,0,0,0,0,0,0,0,0,0,0,0,0,0,0,0,0,1,0,0,0,0,0,1,0,-437,-282,-15541,242,483,-426
0,0,0,0,0,0,0,0,0,0,0,0,0,0,0,0,0,0,0,0,0,0,0,0,1,0,0,0,0,0,1,0,-1055,-128,-16094,242,483,-426
1,0,0,0,0,0,0,0,0,0,0,0,0,0,0,0,0,0,0,0,0,0,0,0,0,0,0,0,0,0,0,0,-563,8,-15981,119,334,-871
0,0,0,0,0,0,0,0,0,0,0,0,0,0,0,0,0,0,0,0,0,0,0,0,0,0,0,0,0,0,0,0,-598,137,-15987,-927,445,-861
0,0,0,0,0,0,0,0,0,0,0,0,0,0,0,0,0,0,0,0,0,0,0,0,0,0,0,0,0,0,0,0,-495,-1149,-17742,-773,48,-958
0,0,0,1,0,0,0,0,0,0,0,0,0,0,0,0,0,0,0,0,0,0,0,0,1,0,0,0,0,0,0,0,-288,356,-15914,-934,228,-1345
0,0,0,0,0,0,0,0,0,0,0,0,0,0,0,0,0,0,0,0,0,0,0,0,0,0,0,0,0,0,0,1,-1116,-572,-16165,-232,0,-1252
0,0,0,0,0,0,0,0,0,0,0,0,0,0,0,0,0,0,0,0,0,0,0,0,1,0,0,0,0,0,0,0,-644,293,-15670,-829,203,-1103
0,0,0,1,0,0,0,0,0,0,0,0,0,0,0,0,0,0,0,0,0,0,0,0,0,0,0,0,0,0,0,0,-147,-206,-15960,-872,208,-898
0,0,0,0,0,0,0,0,0,0,0,0,0,0,0,0,0,0,0,0,0,0,0,0,0,0,0,0,0,0,0,1,177,1805,-15490,-268,262,-407
0,0,0,0,0,0,0,0,0,0,0,0,0,0,0,0,0,0,0,0,0,0,0,0,1,0,0,0,0,0,0,0,-447,65,-15679,-727,355,77
0,0,0,0,0,0,0,0,0,0,0,0,0,0,0,0,0,0,0,0,0,0,0,0,0,0,0,0,0,0,0,0,-477,-107,-15981,-514,394,195
0,0,0,0,0,0,0,0,0,0,0,0,0,0,0,0,0,0,0,0,0,0,0,0,0,0,0,0,0,0,0,0,-465,-199,-15845,-394,310,199
0,0,0,280,0,0,0,0,0,0,0,0,0,0,0,0,0,0,0,0,0,0,0,0,0,0,0,0,0,0,0,0,335,-770,-15736,-415,244,137
0,0,0,544,0,0,0,1,0,0,0,0,0,0,0,0,1,0,0,0,0,0,0,0,0,0,0,0,0,0,0,0,-4112,400,-16805,663,-693,3873
0,0,0,545,0,0,0,0,0,0,0,0,0,0,0,0,0,0,0,0,0,0,0,0,1,0,0,0,0,0,0,0,-526,-483,-15087,-1625,-53,1527
0,0,0,474,0,0,0,0,0,0,0,0,0,0,0,0,0,0,0,0,0,0,0,0,0,0,0,0,0,0,0,0,-593,-151,-16449,-182,1523,-3226
0,0,0,0,0,0,0,0,0,0,0,0,0,0,0,0,0,0,0,0,0,0,0,0,0,0,0,0,0,0,0,0,808,1611,-14296,-124,2860,-4358
0,0,0,0,0,0,0,0,0,0,0,0,0,0,0,0,0,0,0,0,0,0,0,0,0,0,0,0,0,0,0,0,-297,128,-17457,-816,371,-950
0,0,0,0,0,0,0,0,0,0,0,0,0,0,0,0,0,0,0,0,0,0,0,0,0,0,0,0,0,0,0,0,-519,-207,-15583,-907,-327,159
0,0,0,0,0,0,0,0,0,0,0,0,0,0,0,0,0,0,0,0,0,0,0,0,0,0,0,0,0,0,0,0,-332,-361,-16542,-530,317,211
0,0,0,0,0,0,0,0,0,0,0,0,0,0,0,0,0,0,0,0,0,0,0,0,0,0,0,0,0,0,0,0,-331,-207,-15583,-355,387,196
0,0,0,0,0,0,0,1,0,0,0,0,0,0,0,0,0,0,0,0,0,0,0,0,0,0,0,0,0,0,0,0,-323,-244,-16205,-299,323,181
0,0,0,0,0,0,0,0,0,0,0,0,0,0,0,0,0,0,0,0,0,0,0,0,0,0,0,0,0,0,0,0,-364,-225,-15953,-398,370,203
0,0,0,0,0,0,0,0,0,0,0,0,0,0,0,0,0,0,0,0,0,0,0,0,0,0,0,0,0,0,0,0,-365,-149,-15909,-437,335,211
0,0,0,0,0,0,0,0,0,0,0,0,0,0,0,0,0,0,0,0,0,0,0,0,0,0,0,0,0,0,0,0,-404,-177,-16176,-373,332,203
0,0,0,0,0,0,0,0,0,0,0,1,0,0,0,0,0,0,0,0,0,0,0,0,0,0,0,0,0,0,0,0,-397,-164,-15887,-461,335,204
0,0,0,0,0,0,0,0,0,0,0,0,0,0,0,0,0,0,0,0,0,0,0,1,0,0,0,0,0,0,0,0,-372,-189,-16159,-397,339,195
0,0,0,0,0,0,0,0,0,0,0,0,0,0,0,0,0,0,0,0,0,0,0,0,0,0,0,0,0,0,0,0,-401,-175,-15902,-420,335,194
0,0,0,0,0,0,0,0,0,0,0,0,0,0,0,0,0,0,0,0,0,0,0,0,0,0,0,0,0,0,0,0,-370,-236,-16099,-447,336,210
0,0,0,0,0,0,0,0,0,0,0,0,0,0,0,0,0,0,0,0,0,0,0,0,0,0,0,0,0,0,0,0,-351,-215,-15960,-395,326,213
0,0,0,0,0,0,0,0,0,0,65,0,0,0,0,1,0,0,0,0,0,0,0,0,0,0,0,0,0,0,0,0,-353,-194,-16091,-420,333,211
0,0,134,0,0,0,0,0,0,0,0,0,0,0,0,0,0,0,0,0,0,0,0,0,0,0,0,0,0,0,0,0,-1005,-888,-15217,-394,337,-108
0,0,238,0,0,0,0,0,0,0,0,0,0,0,0,0,0,0,0,0,0,0,0,0,0,0,0,0,0,0,0,0,-158,36,-15567,-1394,406,-168
0,0,293,0,0,0,0,0,0,0,0,0,0,0,0,0,0,0,0,0,0,0,0,0,0,0,0,0,0,0,0,0,-404,-281,-16933,-443,339,103
0,0,286,1,0,0,0,0,0,0,0,0,0,0,0,0,0,0,0,0,0,0,0,0,0,0,0,0,1,0,0,0,-381,-95,-16714,215,370,206
0,0,187,1,0,0,0,0,0,0,0,0,0,0,0,0,0,0,0,0,0,0,0,0,0,0,0,0,0,0,0,0,-237,501,-16596,-73,321,211
0,0,0,0,0,0,0,0,0,0,0,0,0,0,0,0,0,0,0,0,0,0,0,0,0,0,0,0,0,0,0,0,100,208,-16026,-473,368,338
0,0,0,0,0,0,0,0,0,0,0,0,0,0,0,0,0,0,0,0,0,0,0,0,0,0,0,0,0,0,0,0,108,-197,-15677,-684,511,252
0,0,0,0,0,0,0,0,0,0,1,0,0,0,0,0,0,0,0,0,0,0,0,0,0,0,0,0,0,0,0,0,-558,-241,-16183,-526,375,211
1,0,0,0,0,0,0,0,0,0,0,0,0,0,0,0,0,0,0,0,0,0,0,0,0,0,0,0,0,0,0,0,-291,-226,-15832,-476,309,188
0,0,0,0,0,0,0,0,0,0,0,0,0,0,0,0,0,0,0,0,0,0,0,0,0,0,0,0,0,0,0,0,-419,-207,-16087,-419,296,193
0,0,0,0,1,0,0,0,0,0,0,0,0,0,0,0,0,0,0,0,0,0,0,0,0,0,0,0,0,0,0,0,-366,-153,-15875,-415,309,205
0,0,0,0,0,0,0,0,0,0,0,0,0,0,0,0,0,0,0,0,0,0,0,0,0,0,0,0,0,0,0,0,-347,-195,-16044,-432,249,191
0,0,0,0,0,0,0,0,0,0,0,0,0,0,0,0,1,0,0,0,0,0,1,0,0,0,0,0,0,0,0,0,-341,-135,-15993,-419,395,218
1,0,0,0,0,0,0,0,0,0,0,0,0,0,0,0,0,0,0,0,0,0,0,0,0,0,0,0,0,0,0,0,-446,-179,-16041,-434,333,213
0,0,0,0,0,0,0,0,0,0,0,0,0,0,0,0,0,0,0,0,0,0,0,0,0,0,0,0,0,0,0,0,-441,-170,-15961,-462,347,219
1,0,0,0,0,0,0,0,0,0,0,0,0,0,0,0,0,0,0,0,0,0,0,0,0,0,0,1,0,0,0,0,-366,-207,-16064,-429,331,193
1,0,0,0,0,0,0,0,0,0,1,0,0,0,0,0,1,0,0,0,0,0,0,0,1,0,0,0,0,0,0,0,-386,-196,-15991,-454,313,190
272,0,0,0,0,0,0,0,57,0,0,0,0,0,0,0,0,0,0,0,0,0,0,0,0,0,0,0,0,0,0,0,-639,-754,-14948,-358,10,-241
445,0,0,0,0,0,0,0,47,0,0,0,0,0,0,0,0,0,0,0,0,0,0,0,0,0,0,0,0,0,0,0,398,534,-15560,-932,775,-183
495,0,0,0,0,0,0,0,87,0,0,0,0,0,0,0,0,0,0,0,0,0,0,0,0,0,0,0,0,0,0,0,-538,-393,-16363,-888,387,106
511,0,0,0,0,0,0,0,98,0,0,0,0,0,0,0,0,0,0,0,0,0,0,0,0,0,0,0,0,0,0,0,-244,206,-16668,641,374,592
483,0,0,0,0,0,0,0,109,0,0,0,0,0,0,0,0,0,0,0,0,0,0,0,0,0,0,0,0,0,0,0,-351,-38,-15564,-374,304,634
224,0,0,0,0,0,0,0,67,0,0,0,0,0,0,0,24,0,0,0,0,0,0,0,12,0,0,0,0,0,0,0,337,420,-15902,-889,463,967
1,1,0,0,0,0,0,0,1,1,1,0,0,1,0,1,0,0,0,0,0,0,0,1,0,0,0,0,0,0,1,0,-569,-213,-16666,-595,330,433
3,0,0,0,2,0,0,0,1,1,0,0,0,0,0,0,1,0,0,0,0,0,0,0,0,0,0,0,0,0,0,0,-458,-325,-16357,-255,343,238
1,0,0,1,0,0,0,0,1,1,0,0,0,0,0,0,1,0,0,0,0,1,0,0,1,0,0,0,1,0,0,0,-382,-235,-15890,-283,324,231
2,0,0,0,0,0,0,0,1,0,0,0,0,0,1,0,3,1,3,0,0,0,0,0,1,1,0,0,0,0,0,0,-285,-186,-16165,-311,361,222
1,0,0,0,0,1,0,0,4,1,0,0,0,0,0,1,1,2,0,0,0,0,0,0,0,0,0,0,0,0,2,0,-390,-224,-15882,-385,361,213
2,1,0,0,0,1,0,0,1,0,0,1,0,0,0,0,1,0,0,0,0,2,0,0,2,0,0,0,0,0,0,0,-371,-177,-16133,-383,333,210
1,2,0,0,1,1,0,0,2,5,0,0,0,0,0,0,3,2,1,0,0,1,0,0,3,0,0,0,0,0,0,0,-354,-198,-15928,-374,351,206
5,0,1,0,0,0,0,0,2,1,0,0,0,0,0,1,2,1,1,0,1,0,0,0,2,1,0,1,0,0,0,0,-455,-247,-16143,-422,334,215
1,2,1,0,0,0,0,0,2,1,1,0,1,0,1,0,2,3,1,0,0,0,0,1,3,2,1,0,0,0,0,0,-383,-231,-16003,-397,325,190
1,0,0,1,0,0,0,0,2,2,0,0,0,1,0,0,2,5,1,0,0,0,0,0,4,3,1,0,1,0,0,0,-383,-227,-15962,-432,338,192
0,454,1,0,0,0,0,0,0,103,0,0,0,0,0,0,0,0,0,0,0,0,0,0,0,0,0,0,0,0,0,0,-732,-943,-15684,-421,360,196
0,675,0,0,0,0,0,0,0,77,0,0,0,0,0,0,0,0,0,0,0,0,0,0,0,0,0,0,0,0,0,0,-3866,-4362,-17487,434,405,6067
0,744,0,0,0,0,0,0,0,111,0,0,0,0,0,0,0,0,0,0,0,0,0,0,0,0,0,0,0,0,0,0,-981,-696,-16608,-1954,-69,2136
0,759,0,0,0,0,0,0,0,127,0,0,0,0,0,0,0,0,0,0,0,0,0,0,0,0,0,0,0,0,0,0,-469,-973,-17517,212,381,249
0,773,0,0,0,0,0,0,0,100,0,0,0,0,0,0,0,0,0,0,0,0,0,0,0,0,0,0,1,0,0,0,-459,298,-14773,279,298,236
0,762,0,0,0,0,0,0,0,68,0,0,0,0,0,0,0,0,0,0,0,0,0,0,0,0,0,0,0,0,0,0,-504,-206,-16831,-556,274,181
0,650,0,0,0,0,0,0,0,97,0,0,0,0,0,0,0,0,0,0,0,0,0,0,0,0,0,0,0,0,0,0,-977,-1009,-15936,-786,235,-1510
0,279,0,0,0,0,0,0,0,109,0,0,0,0,0,0,0,106,0,0,0,0,0,0,0,74,0,0,0,0,0,0,-30,232,-15185,-1016,594,-2694
0,0,0,0,0,0,0,0,1,0,0,0,0,0,0,0,2,0,1,0,0,0,0,0,3,1,1,0,0,0,0,0,289,-544,-15035,-583,323,-605
0,0,0,0,0,0,0,0,0,0,1,0,0,0,0,0,2,1,0,0,1,0,0,0,2,2,0,0,0,1,0,0,-231,-391,-16112,-472,11,185
0,0,0,0,0,0,0,0,0,0,0,0,0,0,0,0,3,0,1,0,0,1,0,0,3,3,0,1,0,0,0,0,-351,-285,-16105,-453,323,231
0,0,0,0,0,0,0,0,1,0,1,0,0,0,0,0,2,0,3,0,0,0,0,0,2,1,0,1,0,0,0,0,-365,-228,-15792,-513,299,199
0,0,0,1,0,0,0,0,0,0,0,0,0,0,1,0,1,0,0,1,0,0,0,0,2,1,0,0,0,0,0,0,-379,-192,-16235,-402,331,192
0,0,0,0,0,0,0,0,1,0,0,1,0,0,0,0,1,0,0,0,0,0,0,0,6,2,0,2,0,0,0,0,-391,-194,-15928,-506,323,201
0,0,0,0,0,0,0,0,0,1,0,0,0,0,0,0,1,1,0,0,0,0,0,0,2,0,0,2,0,0,0,0,-383,-172,-16044,-425,346,211
0,0,0,0,0,0,0,0,1,0,0,0,0,0,0,0,1,0,0,1,0,0,0,0,2,1,0,0,1,0,0,0,-349,-185,-16013,-393,346,205
0,0,0,0,0,0,0,0,0,0,0,0,0,0,0,0,0,1,0,0,0,0,0,0,1,1,0,0,0,0,1,0,-387,-197,-16108,-440,340,210
0,0,0,0,0,0,0,0,1,0,0,0,0,0,0,0,1,0,0,0,0,0,0,0,1,0,0,1,0,0,0,0,-343,-181,-15988,-405,337,199
0,0,0,0,0,198,0,0,0,0,0,0,0,0,0,0,0,0,0,0,0,3,0,0,1,0,0,0,0,24,0,0,-423,-204,-16052,-440,312,201
0,0,0,0,0,604,1,0,0,0,0,1,0,0,0,0,0,0,0,0,0,0,0,0,0,0,0,0,0,0,0,0,1077,838,-15865,-360,451,533
0,0,0,0,0,783,0,0,0,0,0,0,0,0,0,0,0,0,0,0,0,0,0,0,0,0,0,0,0,0,0,0,-5703,-4279,-16286,1246,-1194,3644
0,0,0,0,0,823,0,0,0,0,0,0,0,0,0,0,0,0,0,0,0,0,0,0,0,0,0,0,0,0,0,0,-578,-88,-15882,-1343,-492,1273
0,0,0,0,0,799,1,0,0,0,0,0,0,0,0,0,1,0,0,0,0,0,0,0,0,0,0,0,0,0,0,0,-228,-1020,-17260,-1095,412,250
0,0,0,0,0,721,0,0,0,0,0,0,0,0,0,0,0,0,0,0,0,0,0,0,0,0,0,0,0,0,0,0,-2160,-1972,-14385,165,367,121
0,0,0,0,0,436,0,0,0,0,0,0,0,0,0,0,0,0,0,0,0,0,0,0,0,0,0,0,0,0,0,0,423,1580,-16030,-676,669,-3080
0,0,0,0,0,0,0,0,0,0,0,0,0,0,0,0,0,0,0,0,0,0,0,0,0,0,0,0,0,0,0,0,-739,180,-15641,-676,669,-3080
0,0,0,0,0,0,0,0,0,0,0,0,0,0,0,0,0,0,0,0,0,0,0,0,0,0,0,0,0,1,0,0,-459,-44,-16002,-779,12,186
0,0,0,0,0,0,0,0,0,0,0,0,0,0,0,0,0,0,0,0,0,0,0,0,0,0,0,0,0,0,0,0,-325,-389,-16472,-677,405,240
0,0,0,0,0,0,0,0,0,0,0,0,0,0,0,0,0,0,0,0,0,0,0,0,0,0,0,0,0,0,0,0,-365,-291,-15860,-393,340,217
0,0,0,0,0,0,0,0,0,0,0,0,0,0,0,0,0,0,0,0,0,0,0,0,0,0,0,0,0,0,0,0,-316,-209,-16141,-340,347,192
0,0,0,0,0,0,0,0,0,0,0,0,0,0,0,0,0,0,0,0,0,0,0,0,0,0,0,0,0,0,0,0,-349,-189,-16003,-449,336,208
0,0,0,0,0,0,0,0,0,0,0,0,0,0,0,0,0,0,0,0,0,0,0,0,0,0,0,0,0,0,1,0,-333,-174,-16030,-411,357,215
0,0,0,0,0,0,0,0,0,0,0,0,0,0,0,0,0,0,0,0,0,0,0,0,0,0,0,0,0,0,0,0,-331,-214,-16091,-404,380,224
0,0,0,0,0,0,0,0,0,0,0,0,0,0,0,0,0,0,0,0,0,0,0,0,0,0,0,0,0,0,0,0,-407,-163,-15953,-465,328,214
0,0,0,0,0,0,0,0,0,0,0,0,0,0,0,0,0,0,0,0,0,0,0,0,0,0,0,0,0,0,0,0,-385,-203,-16121,-419,324,201
0,0,0,0,0,0,339,1,0,0,0,0,0,0,0,0,0,0,0,0,0,0,0,0,1,0,0,0,0,0,0,0,1335,720,-17281,-191,234,432
0,0,0,0,0,0,444,0,0,0,0,0,0,0,0,0,0,0,0,0,0,0,0,0,0,0,0,0,0,0,0,0,-738,-2408,-15930,385,-218,244
0,0,0,0,0,0,529,0,0,0,0,0,0,0,0,0,0,0,0,0,0,0,0,0,0,0,0,0,0,0,0,0,-335,205,-15538,30,171,167
0,0,0,0,0,0,527,1,0,0,0,0,0,0,0,0,0,0,0,0,0,0,0,0,0,0,0,0,0,1,0,0,-561,-477,-15967,-916,344,166
0,0,0,0,0,0,416,0,0,0,0,0,0,0,0,0,0,0,0,0,0,0,0,0,0,0,0,0,0,0,0,0,-160,-157,-16258,-1397,250,-2227
0,0,0,0,0,0,0,0,0,0,0,0,0,0,0,0,0,0,0,0,0,0,0,0,0,0,0,0,0,0,0,0,-492,-945,-17055,54,374,-3184
0,0,0,0,0,0,0,0,0,0,0,0,0,0,0,0,0,0,0,0,0,0,0,0,0,0,0,0,0,0,0,0,-284,4,-15919,446,361,-644
0,0,0,1,0,0,0,0,0,0,0,0,0,0,0,0,0,0,0,0,0,0,0,0,0,0,0,0,0,0,0,0,-297,155,-15116,-358,293,189
0,0,0,0,0,0,0,0,0,0,0,0,0,0,0,0,0,0,0,0,0,0,0,0,0,0,0,0,0,0,0,0,-372,-115,-16705,-606,376,208
0,0,0,0,0,0,0,0,0,0,0,0,0,0,0,0,0,0,0,0,0,0,0,0,0,0,0,0,0,0,0,0,-374,-51,-15703,-440,357,203
0,0,0,0,0,0,0,0,0,0,0,0,0,0,0,0,0,0,0,0,0,0,0,0,0,0,0,0,0,0,0,0,-359,-139,-16243,-454,285,195
0,0,0,0,0,0,0,0,0,0,0,0,0,0,0,0,0,0,0,0,0,0,0,0,0,0,0,0,0,0,0,0,-394,-230,-15945,-415,359,210
0,0,0,0,0,0,0,0,0,0,0,0,0,0,0,0,0,0,0,0,0,0,0,0,0,0,0,0,0,0,0,0,-363,-172,-15998,-446,285,197
0,0,0,0,0,0,0,0,0,0,0,0,0,0,0,0,0,0,0,0,0,0,0,0,0,0,0,0,0,0,0,0,-362,-154,-16076,-362,336,188
0,0,0,0,0,0,0,0,0,0,0,0,0,0,0,0,0,0,0,0,0,0,0,0,0,0,0,0,0,0,0,0,-386,-210,-15958,-466,334,208
0,0,0,0,0,0,0,0,1,0,398,0,0,0,0,0,0,0,0,0,0,0,0,0,0,0,0,0,0,0,0,0,-712,390,-16476,-466,313,105
1,0,0,0,0,0,0,0,0,0,444,0,0,0,0,0,0,0,0,0,0,0,0,0,0,0,0,0,0,0,0,0,-95,-789,-16920,-166,1120,3634
0,0,0,0,0,0,0,0,0,0,474,0,0,0,0,0,0,0,0,0,0,0,0,0,0,0,0,0,0,0,0,0,-300,-123,-15113,-423,755,1346
1,0,0,0,0,0,0,0,0,1,448,0,0,0,0,0,0,0,0,0,0,0,0,0,0,0,0,0,0,0,0,0,-470,-377,-16758,-468,417,224
0,0,0,0,0,0,0,0,0,0,277,0,0,0,0,0,0,0,0,0,0,0,0,0,0,0,0,0,0,0,0,0,-435,-176,-15479,-551,324,191
0,0,0,0,0,0,0,0,0,0,0,0,0,0,0,0,0,0,0,0,0,0,0,0,0,0,0,0,0,0,0,0,-355,-460,-16700,-169,410,188
0,0,0,0,0,0,0,0,0,0,0,0,0,0,0,0,0,0,0,0,0,0,0,0,0,0,0,0,0,0,0,0,-404,-113,-15580,-653,277,205
0,0,0,0,0,0,0,0,0,0,0,0,0,0,0,0,0,0,0,0,0,0,0,0,0,0,0,0,0,0,0,0,-344,-236,-16542,-463,334,206
0,0,0,0,0,0,0,0,0,0,0,0,0,0,0,0,0,0,0,0,0,0,0,0,0,0,0,0,0,0,0,0,-410,-205,-15700,-391,323,211
0,0,0,0,0,0,0,0,0,0,0,0,0,0,0,0,0,0,0,0,0,0,0,0,0,0,0,0,0,0,0,0,-362,-239,-16212,-519,322,213
0,0,0,0,0,0,0,0,0,0,0,0,0,0,0,0,0,0,0,0,0,0,0,0,0,0,0,0,0,0,0,0,-397,-195,-15948,-394,369,208
0,0,0,0,0,0,0,0,0,0,0,0,0,0,0,0,0,0,0,0,0,0,0,1,0,0,0,0,0,0,0,0,-423,-212,-16036,-462,284,201
0,0,0,0,0,0,0,0,0,0,0,0,0,0,1,0,0,0,0,0,0,0,0,0,0,0,0,0,0,0,0,0,-394,-187,-16139,-412,329,206
0,0,0,0,0,0,0,0,0,0,0,0,0,0,0,0,0,0,0,0,0,0,0,0,0,0,0,0,0,0,0,0,-390,-207,-15796,-452,304,206
0,0,0,0,0,0,0,0,0,0,0,0,0,0,0,0,0,0,0,0,0,0,0,0,0,0,0,0,0,0,0,0,-306,-196,-16274,-392,303,192
17,1,0,0,0,0,0,0,717,0,0,0,0,0,0,0,0,0,0,0,0,0,0,0,0,0,0,0,0,0,0,0,-386,-151,-15735,-435,353,198
7,0,0,0,0,0,0,0,952,0,0,0,0,0,0,0,0,0,0,0,0,0,0,0,0,0,0,0,0,0,0,0,6798,8850,-17940,-656,2115,5499
4,1,0,0,0,0,0,0,953,1,0,0,0,0,0,0,1,0,0,0,0,0,0,0,0,0,0,0,0,0,0,0,-7228,-9403,-18310,2118,-988,3985
5,0,0,0,0,0,0,0,816,1,0,0,0,0,0,0,5,0,0,0,0,0,0,0,0,0,0,0,0,0,0,0,-489,567,-12541,1333,-384,-2419
17,1,0,0,0,0,0,0,111,0,0,0,0,0,0,0,3,0,0,0,0,0,0,0,0,0,0,0,0,0,0,0,1204,1982,-16383,1333,-384,-2419
1,0,0,0,0,0,0,0,2,0,0,0,0,0,0,0,0,0,0,0,0,0,0,0,0,0,0,1,0,0,0,0,-224,117,-16160,209,634,-466
5,0,0,0,0,0,0,0,1,0,0,0,0,0,0,0,1,0,0,0,0,0,0,0,0,0,0,0,0,0,0,0,-339,56,-14989,-525,214,201
1,0,0,0,0,0,0,0,1,0,0,0,1,0,0,0,2,0,0,0,0,0,0,0,0,0,0,0,0,0,0,0,-375,-124,-16721,-542,532,218
1,2,0,0,0,0,0,0,1,0,0,0,0,1,0,0,1,0,0,0,0,0,0,0,0,0,0,0,0,0,0,0,-369,-163,-15678,-541,389,197
1,0,0,1,0,0,0,0,0,0,0,0,0,0,0,0,0,0,0,0,0,0,0,0,0,0,0,0,0,0,0,0,-374,-195,-16348,-419,366,202
1,1,1,0,1,0,0,0,1,0,0,0,0,0,0,0,0,0,0,0,0,0,0,0,0,0,0,0,0,0,0,0,-395,-155,-15727,-500,468,239
3,0,0,0,0,0,1,0,1,0,0,0,0,0,0,0,1,0,0,0,0,0,0,0,0,0,0,0,0,0,0,0,-407,-202,-16173,-410,381,217
1,1,0,0,1,0,0,0,2,1,0,0,0,0,0,0,1,0,0,0,0,0,0,0,0,0,0,0,0,0,0,0,-370,-199,-15964,-430,292,201
1,1,1,0,0,0,0,1,2,1,0,1,0,0,0,0,1,0,0,0,0,0,0,0,0,81,0,0,1,0,0,0,-326,-185,-16099,-440,339,206
0,34,0,0,0,0,0,0,0,742,0,0,0,0,0,0,0,52,0,0,0,0,0,0,0,0,0,0,0,0,0,0,4519,5849,-17266,599,-2,2690
0,35,0,0,0,0,0,0,0,834,0,0,0,0,0,0,0,81,0,0,0,0,0,0,0,0,0,0,0,0,0,0,-6519,-7223,-18093,1404,-1861,2374
0,35,0,0,0,0,0,0,0,949,0,1,0,0,0,0,0,91,1,0,0,0,0,0,0,0,0,0,0,0,0,0,-967,46,-15572,666,-537,654
0,41,0,0,0,0,0,0,0,873,0,0,0,0,0,0,0,113,0,0,0,0,0,0,1,0,0,0,0,0,0,0,-2783,-2826,-16751,-1235,374,-1582
0,34,0,0,0,0,0,0,0,402,0,0,0,0,0,0,0,86,0,0,0,0,0,0,0,0,0,0,0,0,0,0,-2058,-608,-14538,-1430,1539,-5905
3,1,0,0,1,0,0,0,2,1,2,0,0,1,0,0,2,1,3,0,0,0,1,0,1,1,0,0,0,0,0,0,3198,2682,-17565,-984,1974,-3131
2,2,0,0,0,0,0,0,3,1,0,0,0,0,1,0,2,2,4,0,0,0,0,0,2,1,0,0,0,0,0,0,-202,-188,-15469,-852,160,-328
2,1,0,0,0,0,0,0,2,1,1,0,0,0,0,0,2,2,1,0,0,0,0,0,4,1,1,0,0,0,0,0,-524,-333,-16305,-104,144,189
1,0,1,0,0,0,0,0,1,1,0,2,0,0,0,1,2,1,0,1,0,0,0,0,4,3,1,0,0,0,0,0,-381,-96,-15819,-491,275,219
1,1,0,0,0,0,0,0,4,1,0,1,0,1,0,0,5,2,1,1,0,0,0,0,2,1,1,0,0,0,0,1,-330,-169,-16267,-176,424,195
3,0,0,0,0,0,1,0,1,1,1,2,0,0,0,0,2,1,1,0,0,0,0,0,2,1,1,0,0,0,0,0,-354,-140,-15805,-471,301,187
1,0,0,0,0,0,0,0,2,1,0,1,0,1,0,0,2,2,0,0,0,0,0,0,10,1,0,0,0,0,1,0,-354,-161,-16306,-432,349,200
1,0,0,0,0,0,0,0,1,1,0,0,1,1,0,0,2,2,0,0,0,1,1,0,3,2,1,0,0,2,0,0,-346,-127,-15812,-433,312,200
1,0,1,0,0,1,0,0,1,1,1,0,0,0,0,2,1,1,1,0,0,0,0,0,4,1,1,0,0,0,1,1,-402,-183,-16313,-423,333,208
1,0,0,0,1,0,0,0,1,1,0,0,0,0,0,0,4,1,4,1,0,0,0,0,2,6,1,0,1,0,2,0,-345,-174,-15897,-431,341,216
1,0,0,0,0,0,0,0,1,1,0,0,0,0,2,0,2,1,1,0,1,0,0,0,3,2,1,1,0,0,0,0,-337,-180,-16016,-414,307,213
0,16,0,0,0,0,0,0,0,34,0,0,0,0,0,0,0,323,0,0,0,0,0,0,0,101,0,0,0,0,0,0,-366,-139,-16072,-415,331,204
0,20,0,0,0,0,0,0,0,26,0,0,0,0,0,0,0,474,0,0,0,0,0,0,0,112,0,0,0,0,0,0,-380,-233,-15300,-411,165,198
0,16,0,0,0,0,0,0,0,17,0,0,0,0,0,0,0,491,0,0,0,0,0,0,0,99,0,0,0,0,0,0,-363,-61,-16593,-276,402,211
1,8,1,0,0,0,0,0,0,12,0,0,0,0,0,0,0,473,0,0,0,0,0,0,0,84,0,0,0,0,0,0,-380,-99,-15475,-562,263,202
0,7,0,0,0,0,0,0,0,14,0,0,0,0,0,0,0,362,0,0,0,0,0,0,0,83,0,0,0,0,0,0,-337,-203,-16562,-395,346,209
1,12,0,0,0,0,0,0,0,28,0,0,0,0,0,0,0,111,0,0,0,0,0,0,1,1,0,0,0,0,0,0,-361,-153,-14894,-608,294,198
0,0,0,0,0,0,1,0,2,0,0,0,0,0,0,0,2,1,0,0,0,0,0,0,2,2,1,0,0,0,0,0,-335,-332,-17220,-327,423,204
0,0,0,0,0,0,0,0,0,0,1,0,0,0,0,0,2,0,0,0,0,0,0,0,2,1,4,0,1,0,1,0,-377,-96,-15378,-358,319,214
0,0,0,0,0,0,0,0,1,0,0,0,0,0,0,0,1,0,0,0,0,0,0,0,2,1,1,0,1,0,0,0,-349,-164,-16473,-496,283,216
0,0,0,0,0,0,0,0,0,0,0,0,0,0,0,0,3,0,0,0,0,0,0,0,2,1,0,1,0,1,0,0,-354,-116,-15735,-424,355,208
0,0,0,0,0,0,0,0,1,0,0,0,0,1,0,0,2,0,0,0,0,0,0,0,3,2,0,0,0,0,0,1,-307,-172,-16175,-477,309,199
0,0,0,0,0,0,0,0,2,0,0,0,0,0,0,0,1,0,0,0,0,0,0,0,7,1,0,0,0,0,0,0,-378,-140,-16040,-404,341,199
0,1,0,0,0,0,0,0,0,0,0,0,0,0,0,0,0,0,0,0,0,0,0,0,1,1,0,0,0,0,0,0,-374,-162,-15971,-438,316,201
0,0,0,0,0,0,0,0,0,0,0,0,0,0,0,0,374,2,0,0,0,0,0,0,74,0,1,0,0,0,0,0,-362,-180,-16060,-413,263,182
0,1,0,0,0,0,0,0,0,0,0,0,0,0,0,0,651,0,0,0,0,0,0,0,65,0,0,0,0,0,0,0,94,625,-16660,-146,420,275
0,0,0,0,0,0,0,0,0,0,0,0,0,0,0,0,704,0,0,0,0,0,0,0,72,0,0,0,0,0,0,0,-83,300,-16363,-1866,952,4836
0,0,0,0,0,0,0,0,0,0,0,0,0,0,0,0,694,0,0,0,0,0,0,0,70,0,0,0,0,0,0,0,-869,-1382,-18589,-67,667,1755
0,0,0,0,0,0,0,0,0,0,0,0,0,0,0,0,572,0,0,0,0,0,0,0,41,0,0,0,0,0,0,0,-173,54,-15343,221,743,246
0,0,0,0,0,0,0,0,0,0,0,0,0,0,0,0,0,0,0,0,0,0,0,0,0,0,0,0,0,0,0,0,-1560,-1627,-17306,-971,576,-540
0,0,0,0,0,0,0,0,0,0,0,0,0,0,0,0,0,0,0,0,0,0,0,0,0,0,0,0,0,0,0,0,-255,-67,-15690,-848,428,98
0,0,0,0,0,0,0,0,0,0,0,0,0,0,0,0,0,0,0,0,0,0,0,0,0,0,0,0,0,0,0,0,-425,-218,-16006,-483,329,218
0,0,0,0,0,0,0,0,0,0,0,0,0,0,0,0,0,0,0,0,0,0,0,0,0,0,0,0,0,0,0,0,-410,-327,-16039,-423,345,224
0,0,0,0,0,0,0,0,0,0,0,0,0,0,0,0,0,0,0,0,0,1,0,0,2,0,0,0,0,0,0,0,-336,-182,-15938,-329,353,195
0,0,0,0,0,0,0,0,0,0,0,0,0,0,0,0,0,0,1,0,0,0,0,0,0,0,0,0,0,0,1,0,-413,-227,-16130,-368,350,199
0,0,0,0,0,0,1,0,0,0,0,0,0,0,0,0,0,0,0,0,0,0,0,0,0,0,0,0,0,0,0,0,-387,-161,-15956,-401,428,225
1,0,0,0,0,0,0,0,0,0,0,0,0,0,0,0,0,0,0,0,0,0,0,1,0,0,0,0,0,0,0,0,-320,-184,-16106,-425,388,221
0,0,0,0,0,0,0,0,0,0,0,0,0,0,0,0,0,0,0,0,0,0,0,0,0,0,0,0,0,0,0,0,-315,-157,-15908,-422,357,204
0,0,0,0,0,0,0,0,0,0,0,0,0,0,0,0,0,0,0,0,0,0,0,0,0,0,0,0,0,0,0,0,-330,-224,-16121,-444,346,201
0,0,0,0,0,0,0,0,0,0,0,0,0,0,0,0,0,0,0,0,0,0,0,0,0,0,0,0,0,0,0,0,-356,-185,-15955,-421,340,203
0,0,0,0,0,0,0,0,0,0,0,0,0,0,0,0,0,0,0,0,0,0,0,0,0,0,0,0,0,0,0,0,-338,-204,-16097,-431,356,206
0,0,0,0,0,0,0,0,0,0,0,0,0,0,0,0,0,0,0,0,0,0,0,0,0,0,0,0,0,0,0,0,-384,-173,-15968,-456,332,202
0,0,0,0,0,0,0,0,0,0,0,0,0,0,0,0,0,0,0,0,0,0,0,0,0,0,0,0,0,0,0,0,-356,-162,-16065,-446,347,213
0,0,0,0,0,0,0,0,0,0,0,0,0,0,0,100,0,0,0,0,0,0,0,0,0,0,0,0,0,0,0,0,-349,-204,-16030,-432,357,207
0,0,0,0,0,0,0,0,0,0,0,0,0,0,0,279,0,0,0,0,0,0,0,0,0,0,0,1,0,0,0,0,1652,962,-15599,734,-4,2253
2,0,0,0,0,0,0,0,0,0,0,0,0,0,0,323,0,0,0,0,0,0,0,0,0,0,0,0,0,0,0,0,216,-882,-16694,356,756,955
0,0,0,0,0,0,0,0,0,0,0,0,0,0,0,107,0,0,0,0,0,0,0,0,0,0,0,0,0,0,0,0,-1339,-1238,-15533,-579,204,-743
0,0,0,0,0,0,0,0,0,0,0,0,0,0,0,0,0,0,0,0,0,0,0,0,0,0,0,0,0,0,0,0,-354,-285,-18093,-147,59,-139
0,0,0,0,0,0,0,0,0,0,0,0,0,0,0,0,0,1,0,0,0,0,0,0,0,0,0,0,0,0,0,0,-479,-197,-15236,-574,18,161
0,0,0,0,0,0,0,0,0,0,0,0,0,0,0,0,0,0,0,0,0,0,0,0,0,0,0,0,0,0,0,0,-297,-252,-17520,-537,415,212
0,0,0,0,0,0,0,0,0,0,0,0,0,0,0,0,0,0,0,0,0,0,0,0,0,0,0,0,0,0,1,0,-342,-49,-14753,-606,379,224
0,0,0,0,0,0,0,0,0,0,0,0,0,0,0,0,0,0,0,0,0,0,0,0,0,0,0,0,0,0,0,0,-375,-302,-17033,-409,321,208
0,0,0,0,0,0,0,0,0,0,0,0,0,0,0,0,0,0,0,0,0,0,0,0,0,0,0,0,0,0,0,0,-367,-170,-15318,-408,376,215
0,0,0,0,0,0,0,0,0,0,0,0,0,0,0,0,0,0,0,0,0,0,0,0,0,0,0,0,0,0,0,0,-356,-210,-16533,-526,304,198
0,0,0,0,0,0,0,0,0,0,0,0,0,0,0,0,0,0,0,0,0,0,0,0,0,0,0,0,0,0,0,0,-333,-196,-15771,-304,364,200
0,0,0,0,0,0,0,0,0,0,0,0,0,0,4,1,0,0,0,0,0,0,0,0,0,0,0,0,0,0,0,0,-339,-150,-16189,-478,311,207
0,0,0,0,0,0,0,0,0,0,0,271,0,0,0,0,0,0,0,0,0,0,0,0,0,0,0,0,0,0,0,0,4835,4994,-16941,-275,880,1740
0,0,0,0,0,0,0,0,0,0,0,264,0,0,0,0,0,0,0,0,0,0,0,0,0,0,0,0,0,0,0,0,-8861,-9881,-21943,2345,-2719,4427
0,0,0,0,0,0,0,0,0,0,0,284,0,0,0,0,0,0,0,0,0,1,0,0,0,0,0,0,0,0,0,0,-1912,-525,-14136,739,-1684,1388
0,0,0,0,0,0,0,0,0,0,0,0,0,0,0,0,0,0,0,0,0,0,0,0,0,0,0,0,0,0,0,0,-2702,-2173,-17279,-3275,1391,-4879
0,0,0,0,0,0,0,0,0,0,0,0,0,0,0,0,0,0,0,0,0,0,0,0,0,0,0,0,0,0,0,0,2258,4115,-17309,420,704,-5134
1,0,0,0,0,0,0,0,0,0,0,0,0,0,0,0,0,0,0,0,0,0,0,0,0,0,0,0,0,0,0,0,-433,-309,-15849,517,162,-1018
0,0,0,0,0,0,0,0,0,0,0,0,0,0,0,0,0,0,0,0,0,0,0,0,0,0,0,0,0,0,0,0,-250,-3,-15468,-498,-101,185
0,0,0,0,0,0,0,0,0,1,0,0,0,0,0,0,0,0,0,0,0,0,0,0,0,0,0,0,0,0,0,0,-369,13,-16108,-784,375,210
0,0,0,0,0,0,0,0,0,0,0,0,0,0,0,0,0,0,0,0,0,0,0,0,0,0,0,0,0,0,0,0,-329,-198,-16074,-527,396,203
0,0,0,0,0,0,0,0,0,0,0,0,0,0,0,0,0,0,0,0,0,0,0,0,0,0,0,0,0,0,0,0,-369,-185,-15972,-368,321,191
0,0,0,0,0,0,0,0,0,0,0,0,0,0,0,0,0,0,0,0,0,0,0,0,0,0,0,0,0,0,0,0,-310,-177,-16178,-533,322,214
0,0,0,0,0,0,0,0,1,0,0,0,0,0,0,0,0,0,0,0,0,0,0,0,0,0,0,0,0,0,0,0,-305,-144,-15848,-416,307,199
0,0,0,0,0,0,0,0,0,0,0,0,0,0,0,0,0,0,0,0,0,0,0,0,0,0,0,0,0,0,0,0,-337,-215,-16157,-442,282,185
1,0,1,0,0,0,0,0,0,0,0,1,0,0,0,0,0,0,0,0,0,0,0,0,0,0,0,0,0,0,0,0,-314,-183,-15980,-422,292,188
0,0,7,0,0,0,0,0,1,0,0,0,0,0,0,0,0,0,500,0,0,0,0,0,0,0,0,0,0,0,0,0,-363,-144,-16014,-432,283,193
0,0,7,0,0,0,0,1,0,0,0,0,0,0,0,0,0,0,522,0,1,0,0,0,0,0,0,0,0,0,0,0,-271,-1156,-14285,52,-697,112
0,0,7,0,0,0,0,0,0,0,0,0,0,0,0,0,0,0,468,0,0,0,0,0,0,0,0,0,0,0,0,0,-380,-175,-17232,365,192,173
0,0,17,0,0,0,0,0,0,0,12,0,0,0,0,0,0,0,82,0,0,0,0,0,0,0,0,0,0,0,0,0,-453,-35,-14971,-390,328,213
0,0,0,0,0,0,0,0,0,0,0,0,0,0,0,0,0,0,0,0,0,0,0,0,0,0,0,0,0,0,0,0,-343,-337,-15297,-390,328,213
1,0,0,0,0,0,0,0,2,0,0,0,0,0,0,0,1,0,0,0,0,0,0,0,0,0,0,0,0,0,0,0,-374,-227,-16657,-263,378,219
1,0,0,0,0,0,0,0,0,0,0,0,0,0,0,0,0,0,0,0,0,0,0,0,0,0,0,0,0,0,0,0,-342,-107,-15382,-418,216,191
2,0,0,0,0,0,0,0,1,0,0,0,0,0,0,0,0,0,0,0,0,0,0,0,0,0,0,0,0,0,0,0,-318,-228,-16469,-399,338,208
1,1,0,1,0,1,0,0,0,0,0,1,0,0,0,0,0,0,1,0,0,1,0,0,0,0,0,0,0,0,0,0,-397,-170,-15595,-481,354,223
1,3,0,0,0,0,0,0,0,0,1,0,0,0,0,0,1,0,0,0,0,0,0,0,0,0,0,0,0,0,0,0,-371,-168,-16327,-463,366,212
1,1,0,1,0,0,0,0,1,0,0,0,0,0,0,0,2,0,0,0,0,0,0,0,0,0,0,0,0,0,0,0,-387,-205,-15786,-451,376,216
2,0,0,0,0,0,0,0,3,0,0,0,0,0,0,0,1,0,0,0,0,0,0,0,1,0,0,0,0,0,0,0,-366,-116,-16154,-450,334,220
2,0,0,0,1,0,0,1,1,1,0,1,0,0,0,0,1,0,0,0,0,0,0,0,0,0,0,0,0,0,0,0,-375,-203,-15891,-431,339,208
3,0,0,0,0,0,0,0,1,0,0,0,1,0,0,0,1,0,0,0,0,0,0,0,0,0,0,0,0,0,0,0,-375,-217,-16074,-430,332,213
9,0,0,1,2,0,0,0,5,0,0,0,0,1,0,0,1,0,0,0,0,0,0,0,1,0,0,0,0,0,0,0,-340,-163,-15974,-431,342,207
1,0,0,0,0,0,0,0,2,1,0,0,0,0,0,0,1,0,0,1,0,0,0,0,1,0,0,0,0,0,0,0,-355,-161,-15974,-415,331,200
1,0,0,0,0,0,0,0,6,0,0,0,2,0,0,0,2,1,0,0,0,0,0,0,2,0,0,0,0,0,0,0,-446,-127,-15994,-442,299,179
3,2,0,0,0,0,0,0,1,1,0,2,0,0,0,0,1,1,1,1,0,0,0,0,0,0,0,0,0,0,0,0,-548,-223,-16287,-300,150,155
2,0,0,0,0,0,0,0,5,0,1,0,0,0,0,0,5,1,0,0,0,0,0,0,1,0,0,0,0,0,0,0,-808,-493,-16355,-329,93,180
2,0,0,0,0,0,1,0,1,1,0,0,1,0,0,0,1,1,1,0,0,1,1,0,2,1,0,0,0,0,0,0,-6664,2518,-12339,118,-612,-106
1,0,0,0,0,0,0,0,3,0,0,0,1,0,0,0,2,1,1,1,0,0,0,0,3,1,0,1,0,0,0,0,1173,-1486,-14218,-2947,1277,639
0,0,0,0,0,0,0,0,1,0,0,0,0,0,0,0,1,0,0,0,0,1,0,0,1,1,0,0,0,0,0,0,3211,128,-17468,-1680,1205,731
0,0,0,0,0,0,0,0,0,0,0,0,0,0,0,0,1,0,0,0,0,1,0,0,2,0,0,0,0,0,0,0,-399,-176,-17835,-77,681,280
0,0,0,0,0,0,0,0,0,0,0,0,0,0,0,0,2,0,0,0,0,0,0,0,1,0,1,0,0,0,0,0,-690,1296,-15246,-1948,54,189
0,1,0,0,0,0,0,0,0,0,0,0,1,0,0,1,0,0,0,0,0,0,0,0,0,0,0,0,0,0,0,0,-949,-1000,-14995,-1836,-107,503
1,0,0,0,0,0,0,0,0,0,0,0,0,0,0,0,0,0,1,0,0,0,0,0,0,0,0,0,0,0,0,0,1808,334,-16945,-886,374,906
0,0,0,0,0,0,0,0,0,0,0,0,0,0,0,0,0,0,0,0,0,0,0,0,0,0,0,0,0,0,0,0,-892,-372,-15192,641,127,385
0,0,0,0,0,0,0,0,0,0,0,0,1,0,0,0,0,0,0,0,0,0,0,0,0,1,0,0,0,0,0,0,-142,-268,-16862,-88,830,206
0,0,0,0,0,0,0,0,0,0,0,0,0,0,0,0,0,0,0,0,0,1,0,0,0,0,0,0,0,0,0,0,-550,95,-15527,-626,509,205
0,0,0,0,0,0,0,0,0,0,0,0,0,0,0,0,0,0,0,0,0,0,0,0,0,1,0,0,0,0,0,0,-390,-38,-16193,-295,402,196
0,0,0,0,0,0,0,0,0,0,0,0,0,0,0,0,0,0,0,0,0,0,0,0,0,0,0,0,0,0,0,0,-567,-132,-15868,-400,292,186
0,0,0,0,0,0,0,0,1,0,0,0,0,0,0,0,0,0,0,0,0,0,0,0,0,0,0,0,0,0,0,0,-469,-87,-16323,-577,329,205
0,0,0,0,0,0,0,0,1,0,0,0,0,0,0,0,0,0,0,0,0,0,0,0,0,0,0,0,0,0,0,0,-453,-76,-15958,-519,284,225
2,0,0,0,0,0,0,0,0,0,0,0,0,0,0,0,0,0,0,0,0,0,0,0,0,0,0,0,0,0,0,0,-361,-89,-15814,-394,317,214
1,0,0,0,1,0,0,0,0,0,0,0,0,0,0,0,0,0,1,0,0,0,0,0,0,0,0,0,0,0,0,0,-484,-75,-16006,-429,306,198
0,0,0,0,0,0,0,0,0,0,0,0,1,0,0,0,0,0,0,0,0,0,0,0,0,0,0,0,0,0,0,0,-477,-60,-16169,-465,342,206
0,0,0,0,0,0,0,0,0,0,0,0,0,0,0,0,0,0,0,0,0,0,0,0,1,0,0,0,0,0,0,0,-450,-85,-15899,-417,344,207
0,0,0,0,0,0,0,0,0,0,0,0,0,0,0,0,0,0,0,0,0,0,0,0,0,0,0,0,0,0,0,0,-436,-111,-16024,-425,321,197
0,0,0,0,0,0,0,0,0,0,0,0,0,0,0,0,0,0,0,0,0,0,0,0,0,0,0,0,0,0,0,0,-459,-81,-16060,-416,318,205
0,0,0,0,0,0,0,0,0,0,0,0,0,0,0,0,0,0,0,0,0,0,0,0,0,0,0,0,0,0,0,0,-472,-28,-16015,-455,337,210
0,0,0,0,0,0,0,0,0,0,0,0,0,0,0,0,0,0,0,0,0,0,0,0,0,0,0,0,0,0,0,0,-475,-73,-15984,-439,332,207
0,0,0,0,0,0,0,0,0,0,0,0,0,0,0,0,0,0,0,0,0,0,0,0,0,0,0,0,0,0,0,0,-450,-111,-15959,-414,325,206
0,0,0,0,0,0,0,0,0,0,0,0,0,0,0,0,0,0,0,0,0,0,0,0,0,0,0,0,0,0,0,0,-454,-60,-16008,-414,305,196
0,0,0,0,0,0,0,0,0,0,0,0,0,0,0,0,0,0,0,0,0,0,0,0,0,0,0,0,0,0,0,0,-467,-52,-16014,-401,297,192
0,0,0,0,0,0,0,0,0,0,0,0,0,0,0,0,0,0,0,0,0,0,0,0,0,0,0,0,0,0,0,0,-447,-77,-16067,-415,268,187
0,0,0,0,0,0,0,0,0,0,0,0,0,0,0,0,0,0,0,0,0,0,0,0,0,0,0,0,0,0,0,0,-472,-69,-15988,-403,247,188
0,0,0,0,0,0,0,0,0,0,0,0,0,0,0,0,0,0,0,0,0,0,0,0,0,0,0,0,0,0,0,0,-456,-43,-15952,-382,349,204
0,0,0,0,0,0,0,0,0,0,0,0,0,0,0,0,0,0,0,0,0,0,0,0,0,0,0,0,0,0,0,0,-443,-87,-16209,-445,194,178
2,0,0,0,0,0,0,0,0,1,0,0,0,0,0,0,0,0,0,0,0,0,0,0,0,0,0,0,0,0,0,0,-465,-49,-16126,-445,194,178
0,0,0,0,0,0,0,0,0,0,0,0,0,0,0,0,0,0,0,0,0,0,0,0,0,0,0,0,0,0,0,0,-404,-83,-15951,-400,284,186
0,0,0,0,0,0,0,0,0,0,0,0,0,0,0,0,0,0,0,0,0,0,0,0,0,0,0,0,0,0,0,0,-493,-54,-16062,-394,319,195
0,0,0,0,0,0,0,0,0,0,0,0,0,0,0,0,0,0,0,0,0,0,0,0,0,0,0,0,0,0,0,0,-455,-139,-16003,-455,307,193
1,0,0,0,0,0,0,0,0,0,0,0,0,0,0,0,0,0,0,0,0,0,0,0,0,0,0,0,0,0,0,0,-475,-61,-15905,-464,367,209
0,0,0,0,0,0,0,0,0,0,0,0,0,0,0,0,0,0,0,0,0,0,0,0,0,0,0,0,0,0,0,0,-466,-71,-16057,-447,400,224
0,0,0,0,0,0,0,0,0,0,0,0,0,0,0,0,0,0,0,0,0,0,0,0,0,0,0,0,0,0,0,0,-472,-103,-15883,-447,364,219
0,0,0,0,0,0,0,0,0,0,0,0,0,0,0,0,0,0,0,0,0,0,0,0,0,0,0,0,0,0,0,0,-428,-55,-16111,-423,368,216
1,0,0,0,0,0,0,0,0,0,0,0,0,0,0,0,0,0,0,0,0,0,0,0,0,0,0,0,0,0,0,0,-480,-14,-15994,-434,354,211
0,0,0,0,0,0,0,0,0,0,0,0,0,0,0,0,0,0,0,0,0,0,0,0,0,0,0,0,0,0,0,0,-486,-69,-16046,-418,339,210
0,0,0,0,0,0,0,0,0,0,0,0,0,0,0,0,0,0,0,0,0,0,0,0,0,0,0,0,0,0,0,0,-427,-10,-16090,-414,351,209
0,0,0,0,0,0,0,0,0,0,0,0,0,0,1,0,0,0,0,0,0,0,0,0,0,0,0,0,0,0,0,0,-458,-101,-16034,-422,353,216
0,0,0,0,0,0,0,0,0,0,0,0,0,0,0,0,0,0,0,0,0,0,0,0,0,0,0,0,0,0,0,0,-481,-70,-16008,-418,328,202
0,0,0,0,0,0,0,0,0,0,0,0,0,0,0,0,0,0,0,0,0,0,0,0,0,0,0,0,0,0,0,0,-456,-83,-16114,-414,336,203
0,0,0,0,0,0,0,0,0,0,0,0,0,1,0,0,0,0,0,0,0,0,0,0,0,0,0,0,0,0,0,0,-430,-57,-16039,-439,335,199
0,0,0,0,0,0,0,0,0,0,0,0,0,0,0,0,0,0,0,0,0,0,0,0,0,0,0,0,0,0,0,0,-491,-65,-15929,-412,354,201
0,0,0,0,0,0,0,0,0,0,0,0,0,0,0,0,0,0,0,0,0,0,0,0,0,0,0,0,0,0,0,0,-449,-48,-16079,-413,330,196
0,0,0,0,0,0,0,0,0,0,0,0,0,0,0,0,0,0,0,0,0,0,0,0,0,0,0,0,0,0,0,0,-446,-84,-15926,-440,328,207
0,0,0,0,0,0,0,0,0,0,0,0,0,0,0,0,0,0,0,0,0,0,0,0,0,0,0,0,0,0,0,0,-501,-98,-16061,-419,321,197
0,0,0,0,0,0,0,0,0,0,0,0,0,0,0,0,0,0,0,0,0,0,0,0,0,0,0,0,0,0,0,0,-434,-38,-16015,-424,330,212
0,0,0,0,0,0,0,0,0,0,0,0,0,0,0,0,0,1,0,0,0,0,0,0,0,0,0,0,0,0,0,0,-453,-100,-16014,-423,332,206
0,0,0,0,0,0,0,0,0,0,0,0,0,0,0,1,0,0,0,0,0,0,0,0,0,0,0,0,0,0,0,0,-421,-76,-15966,-422,326,205
0,0,0,0,0,0,0,0,0,0,0,0,0,0,0,0,0,0,0,0,0,0,0,0,0,0,0,0,0,0,0,0,-427,-10,-16023,-420,341,207
0,0,0,0,0,0,0,0,0,0,0,0,0,0,0,0,0,0,0,0,0,0,0,0,0,0,0,0,0,0,0,0,-487,-80,-16012,-445,346,214
0,0,0,0,0,0,0,0,0,0,0,0,0,0,0,0,0,0,0,0,0,0,0,0,0,0,0,0,0,0,0,0,-453,-66,-15992,-454,330,203
0,0,0,0,0,0,0,0,0,0,0,0,0,0,0,0,0,0,0,0,0,0,0,0,0,0,0,0,0,0,0,0,-480,-73,-16052,-431,337,194
0,0,0,0,0,0,0,0,0,0,0,0,0,0,0,0,0,0,0,0,0,0,0,0,0,0,0,0,0,0,0,0,-403,-112,-15986,-419,349,206
0,0,0,0,0,0,0,0,0,0,0,0,0,0,0,0,0,0,0,0,0,0,0,0,0,0,0,0,0,0,0,0,-406,-58,-15976,-414,368,200
0,0,0,0,0,0,0,0,0,0,0,0,0,0,0,0,0,0,0,0,0,0,0,0,0,0,0,0,0,0,0,0,-463,-13,-15968,-419,347,195
0,0,0,0,0,0,0,0,0,0,0,0,0,0,0,0,0,0,0,0,0,0,0,0,0,0,0,0,0,0,0,1,-451,-89,-16011,-409,335,199
0,0,0,0,0,0,0,0,0,0,0,0,0,0,0,0,0,0,0,0,0,0,0,0,0,0,0,0,0,0,0,0,-417,-69,-16052,-427,342,205
0,0,0,0,0,0,0,0,0,0,0,0,0,0,0,0,0,0,0,0,0,0,1,0,0,0,0,0,0,0,0,0,-459,-59,-15965,-438,343,191
2,0,0,0,0,0,0,0,0,0,0,0,0,0,0,0,0,0,0,0,0,0,0,0,0,0,0,0,0,0,0,0,-395,-157,-15260,-546,290,195
0,0,0,0,0,0,0,0,0,0,0,0,0,0,0,0,0,0,0,0,0,0,0,0,0,0,0,0,0,0,0,0,-307,409,-18401,-184,579,178
1,0,0,0,0,0,0,0,0,0,0,0,0,0,0,0,0,0,0,0,0,0,0,0,0,0,0,0,0,0,0,0,-507,97,-16344,-428,381,197
0,0,0,0,0,0,0,0,0,0,0,0,0,0,0,0,0,0,0,0,0,0,0,0,0,0,0,0,0,0,0,0,-387,-253,-15387,-812,170,154
0,0,0,0,0,0,0,0,0,0,0,0,0,0,0,0,0,0,0,0,0,0,0,0,0,0,0,0,0,0,0,0,-393,-333,-16012,-424,277,197
0,0,0,0,0,0,0,0,0,0,0,0,0,0,0,0,0,0,0,0,0,0,0,0,0,0,0,0,0,0,0,0,-503,-49,-16273,-449,513,184
0,0,0,0,0,0,0,0,0,0,0,0,0,0,0,0,0,0,0,0,0,0,0,0,0,0,0,0,0,0,0,0,-423,-114,-16374,-321,298,201
0,0,0,0,0,0,0,0,0,0,0,0,0,0,0,0,0,0,0,0,0,0,0,0,0,0,0,0,0,0,0,0,-462,-82,-15999,-473,282,193
0,0,0,0,0,0,0,0,0,0,0,0,0,0,0,0,0,0,0,0,0,0,0,0,0,0,0,0,0,0,0,0,-466,30,-16171,-347,347,216
0,0,0,0,0,0,0,0,0,0,0,0,0,0,0,0,0,0,0,0,0,0,0,0,0,0,0,0,0,0,0,0,-486,84,-15985,-395,419,213
0,0,0,0,0,0,0,0,0,0,0,0,0,0,0,0,0,0,0,0,0,0,0,0,0,0,0,0,0,0,0,0,-539,-140,-15743,-321,289,212
0,0,0,0,0,0,0,0,0,0,0,0,0,0,0,0,0,0,0,0,0,0,0,0,0,0,0,0,0,0,0,0,-260,-384,-16260,97,38,459
0,0,0,0,0,0,0,0,0,0,0,0,0,0,0,0,0,0,0,0,0,0,0,0,0,0,0,0,0,0,0,0,-830,-242,-15512,-407,-18,723
0,0,0,0,0,0,0,0,0,0,0,0,0,0,0,0,0,0,0,0,0,0,0,0,0,0,0,0,0,0,0,0,-1378,2,-16014,-285,-34,1334
0,0,0,0,0,0,0,0,0,0,0,0,0,0,0,0,0,0,0,0,0,0,0,0,0,0,0,0,0,0,0,0,-793,-415,-16464,-857,717,1381
0,0,0,0,0,0,0,0,0,0,0,0,0,0,0,0,0,0,0,0,0,0,0,0,0,0,0,0,0,0,0,0,927,-42,-15413,-426,517,1138
0,0,0,0,0,0,0,0,0,0,0,0,0,0,0,0,0,0,0,0,0,0,0,0,0,0,0,0,0,0,0,0,-536,341,-15564,-472,183,432
0,0,0,0,0,0,0,0,0,0,0,0,0,0,0,0,0,0,0,0,0,0,0,0,0,0,0,0,0,0,0,0,-396,94,-15513,-720,311,212
0,0,0,0,0,0,0,0,0,0,0,0,0,0,0,0,0,0,0,0,0,0,0,0,0,0,0,0,0,0,0,0,-489,2,-16001,-542,328,208
0,0,0,1,0,0,0,0,0,0,0,0,0,0,0,0,0,0,0,0,0,0,0,0,0,0,0,0,0,0,0,0,-531,-75,-15820,-463,296,199
0,0,0,0,0,0,0,0,0,0,0,0,0,0,0,0,0,0,0,0,0,0,0,0,0,0,0,0,0,0,0,0,-501,-112,-16201,-466,297,199
0,0,0,0,0,0,0,0,0,0,0,0,0,0,0,0,0,0,0,0,0,0,0,0,0,0,0,0,0,0,0,0,-463,-72,-15860,-466,316,200
0,0,0,0,0,0,0,0,0,0,0,0,0,0,0,0,0,0,0,0,0,0,0,0,0,0,0,0,0,0,1,0,-501,-64,-16034,-432,330,191
0,0,0,0,0,0,0,0,0,0,0,0,0,0,0,0,0,0,0,0,0,0,0,0,0,0,0,0,0,0,0,0,-476,-96,-16076,-425,340,202
0,0,1,0,0,0,0,0,0,0,0,0,0,0,0,0,0,0,0,0,0,0,0,0,0,0,0,0,0,0,0,0,-494,-35,-15902,-399,320,212
1,0,0,0,0,0,0,0,0,0,0,0,0,0,0,0,0,0,0,0,0,0,0,0,0,0,0,0,0,0,0,0,-574,-119,-16040,-398,319,197
0,0,0,0,0,0,0,0,0,0,0,0,0,0,0,0,0,0,0,0,0,0,0,0,0,0,0,0,0,0,0,0,-424,-95,-15899,-427,335,199
0,0,0,0,0,0,0,0,1,0,0,0,0,0,0,0,0,0,0,0,0,0,0,0,0,0,0,0,0,0,0,0,-480,-77,-15797,-429,351,201
0,0,0,0,0,0,0,0,1,0,0,0,0,0,0,0,0,0,0,0,0,0,0,0,0,0,0,0,0,0,0,0,-423,-52,-15995,-419,342,196
0,0,0,0,0,0,0,0,0,0,0,0,0,0,0,0,0,0,0,0,0,0,0,0,0,0,0,0,0,0,0,0,-501,-102,-15988,-429,305,190
0,0,0,0,0,0,0,0,0,0,0,0,0,0,0,0,0,0,0,0,0,0,0,0,0,0,0,0,0,0,0,0,-552,-54,-15977,-410,317,201
0,0,0,0,0,0,0,0,0,0,0,0,0,0,0,0,0,0,0,0,1,0,0,0,0,0,0,0,0,0,0,0,-503,-76,-16089,-397,313,211
1,0,0,0,0,0,0,0,0,0,0,0,0,0,0,0,0,0,0,0,0,0,0,0,0,0,0,0,0,0,0,0,-505,-77,-16091,-400,314,205
0,0,0,0,0,0,0,0,0,0,0,0,0,0,0,0,0,0,0,0,0,0,0,0,0,0,0,0,0,0,0,0,-481,-57,-16027,-400,317,210
1,0,0,0,0,0,0,0,0,0,0,0,0,0,0,0,0,0,0,0,0,0,0,0,0,0,0,0,0,0,0,0,-528,-96,-16042,-387,311,209
0,0,0,0,0,0,0,0,0,0,0,0,0,0,0,0,0,0,0,0,0,0,0,0,0,0,0,0,0,0,0,0,-507,-61,-16119,-390,322,198
0,0,0,0,0,0,0,0,0,0,0,0,0,0,0,0,0,0,0,0,0,0,0,0,0,0,0,0,0,0,0,0,-523,-79,-15918,-416,329,204
0,0,0,0,0,0,0,0,1,0,0,0,0,0,0,0,0,0,0,0,0,0,0,0,0,0,0,0,0,0,0,0,-478,-114,-16049,-391,329,205
0,0,0,0,0,0,0,0,0,0,0,0,0,0,0,0,0,0,0,0,0,0,0,0,0,0,0,0,0,0,0,0,-484,-116,-16002,-427,308,200
0,0,0,0,0,0,0,0,0,0,0,0,0,0,0,0,0,0,0,0,0,0,0,0,0,0,0,0,0,0,0,0,-463,-58,-15897,-424,336,209
0,0,0,0,0,0,0,0,0,0,1,0,0,0,0,0,0,0,0,0,0,0,0,0,0,0,0,0,0,0,0,0,-492,-71,-16068,-405,343,201
1,0,0,0,0,0,0,0,0,0,0,0,0,0,0,0,0,0,0,0,0,0,0,0,0,0,0,0,0,0,0,0,-506,-90,-16011,-426,335,197
1,0,0,0,0,0,0,0,0,0,0,0,0,0,0,0,0,0,0,0,0,0,0,0,0,0,0,0,0,0,0,0,-483,-81,-16016,-424,330,201
0,0,0,0,0,0,0,0,0,0,0,0,0,0,0,0,0,0,0,0,0,0,0,0,0,0,0,0,0,0,0,0,-451,-104,-16110,-417,283,185
2,0,0,0,0,0,0,0,0,0,0,0,0,0,0,0,1,0,0,0,0,0,0,0,0,0,0,0,0,0,0,0,-556,-84,-15970,-421,287,184
1,0,0,0,0,0,0,0,0,0,0,0,0,0,0,0,0,0,0,0,0,1,0,0,0,0,0,0,0,0,0,0,-461,-21,-16016,-391,328,194
0,0,0,0,0,0,0,0,0,0,0,0,0,0,0,0,0,0,0,0,0,0,0,0,0,0,1,0,0,0,0,0,-494,-110,-15985,-418,347,201
0,0,0,0,0,0,0,0,0,0,0,0,0,0,0,0,0,0,0,0,0,0,0,0,0,0,0,0,0,0,0,1,-485,-65,-16012,-433,335,203
0,0,0,0,0,0,0,0,0,0,0,0,0,0,0,0,0,0,0,0,0,0,0,0,0,0,0,0,0,0,0,0,-535,-42,-16032,-424,330,198
0,0,0,0,0,0,0,0,0,0,0,0,0,0,0,0,0,0,0,0,0,0,0,0,0,0,0,0,0,0,0,0,-540,-86,-16037,-415,333,200
1,0,0,0,0,0,0,0,1,0,0,0,0,0,0,0,0,0,0,0,0,0,0,0,0,0,0,0,0,0,0,1,-471,-98,-16017,-437,327,189
0,0,0,0,0,0,0,0,0,0,0,0,0,0,0,0,0,0,0,0,0,0,0,0,1,0,0,0,0,0,0,0,-497,-66,-15999,-445,346,195
0,0,0,1,0,0,0,0,0,0,0,0,0,0,0,0,0,0,0,0,0,0,0,0,0,0,0,0,0,0,0,0,-503,-78,-16034,-420,384,199
2,0,0,0,0,0,0,0,0,0,0,0,0,0,0,0,0,0,0,0,0,0,0,0,0,0,0,0,0,0,0,0,-472,-56,-15987,-429,338,196
0,0,0,0,0,0,0,0,0,0,0,0,0,0,0,0,0,0,0,0,0,0,0,0,0,0,0,0,0,0,0,0,-445,-73,-15962,-433,305,204
0,0,0,0,0,0,0,0,0,0,0,0,0,0,0,0,0,0,0,0,0,0,0,0,0,0,0,0,0,0,0,0,-445,-61,-15996,-430,310,207
0,0,0,0,0,0,0,0,0,0,0,0,0,0,0,0,0,0,0,0,0,0,0,0,0,0,0,0,0,0,0,0,-498,-63,-15987,-392,409,216
0,0,0,1,0,0,0,0,0,0,0,0,0,0,0,0,0,0,0,0,0,0,0,0,0,0,0,0,0,0,0,0,-432,-107,-16197,-421,266,185
0,0,0,0,0,0,0,0,0,0,0,0,0,0,0,0,0,0,0,0,0,0,0,0,0,0,0,0,0,0,0,0,-518,-36,-15659,-463,333,193
0,0,0,0,0,0,0,0,0,0,0,0,0,0,0,0,0,0,0,0,0,0,0,0,0,0,0,0,0,0,0,0,-499,-114,-16150,-389,386,201
0,0,0,0,0,0,0,0,0,0,0,0,0,0,0,0,0,0,0,0,0,0,0,0,1,0,0,0,0,0,0,0,-478,-106,-16135,-437,388,222
0,0,0,0,0,0,0,0,0,0,0,0,0,0,0,0,0,0,0,0,0,0,0,0,0,0,0,0,0,0,0,0,-481,-27,-15823,-473,432,226
0,0,0,0,0,0,0,0,0,0,0,0,0,0,0,0,0,0,0,0,0,0,0,0,0,0,0,0,0,1,0,0,-534,-85,-16110,-432,380,200
1,0,0,0,0,0,0,0,0,0,0,0,0,0,0,0,0,0,0,0,0,0,0,0,0,0,0,0,0,0,0,0,-498,-76,-15970,-441,361,202
0,0,0,0,0,0,0,0,0,0,0,0,0,0,0,0,0,0,0,0,0,0,0,0,0,0,0,0,0,0,0,0,-468,-43,-15969,-454,382,204
0,0,0,0,0,0,0,0,0,0,0,0,0,0,0,0,0,0,0,0,0,0,0,0,0,0,0,0,0,0,0,0,-471,-42,-16028,-433,365,216
0,0,0,0,0,0,0,0,0,0,0,0,0,0,0,0,0,0,0,0,0,0,0,0,0,0,0,0,0,0,0,0,-458,-39,-15952,-422,354,216
0,0,0,0,0,0,0,0,0,0,0,0,0,0,0,0,0,0,0,0,0,0,0,0,0,0,0,0,0,0,0,0,-571,-71,-16069,-445,342,202
0,0,0,1,0,0,0,0,0,0,0,0,0,0,0,0,0,0,0,0,0,0,0,0,0,0,0,0,0,0,1,0,-506,-57,-15983,-400,317,200
0,0,0,0,0,0,0,0,0,0,0,0,0,0,0,0,0,0,0,0,0,0,0,0,0,0,0,0,0,0,0,0,-484,-59,-16061,-416,311,200
0,0,0,0,0,0,0,0,0,0,0,0,0,0,0,0,0,0,0,0,0,0,0,0,0,0,0,0,0,0,0,0,-483,-102,-15989,-446,329,205
0,0,0,0,0,0,0,0,0,0,0,0,0,0,0,0,0,0,0,0,0,0,0,0,0,0,0,0,0,0,0,0,-493,-104,-16031,-404,335,210
0,0,0,0,0,0,0,0,0,0,0,0,0,0,0,0,0,0,0,0,0,0,0,0,0,0,0,0,0,0,0,0,-531,-75,-16004,-418,337,206
0,0,0,0,0,0,0,0,0,0,0,0,0,0,0,0,0,0,0,0,0,0,0,0,0,0,0,0,0,0,0,0,-503,-82,-15969,-415,339,197
0,0,0,0,0,0,0,0,0,0,0,0,0,0,0,0,0,0,0,0,0,0,0,0,0,0,0,0,0,0,0,0,-433,-39,-16008,-431,335,192
0,0,0,0,0,0,0,0,0,0,0,0,0,0,0,0,0,0,0,0,0,0,0,0,0,0,0,0,0,0,0,0,-424,-97,-16022,-431,336,201
0,0,0,0,0,0,0,0,0,0,0,0,0,0,0,0,0,0,0,0,0,0,0,0,0,0,0,0,0,0,0,0,-497,-66,-15976,-438,351,197
1,0,0,0,0,0,0,0,0,0,0,0,0,0,0,0,0,0,0,0,0,0,0,0,0,0,0,0,0,0,0,0,-520,-67,-15987,-418,330,192
